0.0,0.0,0.0,0.0,0.0,0.0,0.0,0.0,0.0,0.0,0.0,0.0,0.0,0.0,0.0,0.0,0.0,0.0,0.0,0.03077311170770652,0.0,0.0,0.09542780929572481,0.0,0.0,0.006481517296416094,0.0015111587715492,0.03431525698615119,0.0,0.004298650802825576,0.0,0.0022416269093591323,0.026695766307344947,0.0,0.0065843909928092505,0.003349497378902671,0.22627732344525764,0.562043674364027
0.0,0.0,0.0,0.0,0.0,0.0,0.0,0.0,0.0,0.0,0.0,0.0,0.0,0.0,0.0,0.0,0.0,0.0,0.0,0.04054051058449824,0.0,0.0,0.18918904939432515,0.0,0.0,0.05405401411266433,0.013513503528166082,0.06756751764083041,0.0,0.013513503528166082,0.0,0.013513503528166082,0.05405401411266433,0.0,0.027027007056332163,0.027027007056332163,0.0,0.0,0.0,0.0,0.3749997229066087,0.0,0.0,0.0,0.0,0.0,0.0,0.0,0.0,0.0,0.0,0.0,0.12499990763553626,0.0
0.0,0.01415157366875269,0.0,0.0,0.06730381126347547,0.0,0.0,0.002179744759405035,0.0020120720856046477,0.041012736011574735,0.0,0.009054324385220913,0.0,0.0,0.0174044235404802,0.0,0.013883297390672069,0.0020120720856046477,0.211267568988488,0.17605630749040668,0.44366189487582486
0.0,0.030857136429477558,0.0,0.0,0.06571427202573925,0.0,0.0,0.007904760258168634,0.0022857138095909307,0.04628570464421635,0.0,0.004476189543782239,0.0,0.0022857138095909307,0.02199999541731271,0.0,0.022476185794310818,0.0014285711309943317,0.245714234531025,0.22285709643511573,0.3257142178667076
0.0,0.0,0.0,0.0,0.0,0.0,0.0,0.0,0.0,0.0,0.0,0.0,0.0,0.0,0.0,0.0,0.0,0.0,0.0,-0.03257239160244914,0.0,0.0,-0.07211794161611415,-0.004126400033332057,-0.00932133815114294,6.218219892251878e-05,-0.002273272123972089,-0.010149592805513455,0.0,-0.002819739354533804,0.0,-0.00363661938054531,-0.02289489055779247,0.0,6.316914570680813e-05,-0.01258633505995309,-0.17791083514151662,-0.6494643034707718
0.0,0.0,0.0,0.0,0.0,0.0,0.0,0.0,0.0,0.0,0.0,0.0,0.0,0.0,0.0,0.0,0.0,0.0,0.0,-0.05864578797413275,0.0,0.0,-0.14399918664056455,-0.014963210450621727,-0.04488963135186518,0.0016094051044722036,-0.014560859174503674,-0.05784108542189665,0.0,-0.014560859174503674,0.0,-0.0295240696251254,-0.07320664714863644,0.0,0.0008047025522361018,-0.04408492879962908,0.0,0.0,0.0,0.0,-0.11602204091800877,0.0,-0.12718728883028466,0.0,0.0,0.0,0.0,-0.12718728883028466,0.0,0.0,-0.12718728883028466,0.0,0.003721749304091971,0.0
0.0,-0.043887591297180964,0.0,0.0,-0.06000669868461313,-0.002763285582943802,-0.005468032820515137,1.921247414860711e-05,-0.0006610249844307196,-0.011748486535939748,0.0,-0.005259924519636117,0.0,-0.002614814442683504,-0.011795371257005695,0.0,0.00012236868150035908,-0.01264377331440038,-0.15633499586174257,-0.15664535121337403,-0.5300281609967291
0.0,-0.04498073107660184,0.0,0.0,-0.0473273686035827,-0.005118701003215215,-0.010482071357075469,8.64398843788856e-05,-0.003739567522097043,-0.020814778501801447,0.0,-0.0074860668822751735,0.0,-0.0026036133573987285,-0.027330435603503383,0.0,0.00024578087606526495,-0.020758499367202917,-0.1898722058704648,-0.19603883596962776,-0.423113777470998
0.0,0.0,0.0,0.0,0.0,0.0,0.0,0.0,0.0,0.0,0.0,0.0,0.0,0.0,0.0,0.0,0.0,0.0,0.0,0.031686784640006946,0.0,0.0,0.0878322114024606,-8.25493630701154e-06,-1.8647501965936915e-05,0.0010080117284730012,-4.547721122603125e-06,0.022780941626870454,0.0,0.009752185414936252,0.0,-7.2751214416320596e-06,0.028039793593181477,0.0,0.005300503895173006,0.01837980207295258,0.22937795119661528,0.5658028810946524
0.0,0.0,0.0,0.0,0.0,0.0,0.0,0.0,0.0,0.0,0.0,0.0,0.0,0.0,0.0,0.0,0.0,0.0,0.0,-0.05864578797413275,0.0,0.0,-0.14399918664056455,-0.014963210450621727,-0.04488963135186518,0.0016094051044722036,-0.014560859174503674,-0.05784108542189665,0.0,-0.014560859174503674,0.0,-0.0295240696251254,-0.07320664714863644,0.0,0.0008047025522361018,-0.04408492879962908,0.0,0.0,0.0,0.0,-0.11602204091800877,0.0,-0.12718728883028466,0.0,0.0,0.0,0.0,-0.12718728883028466,0.0,0.0,-0.12718728883028466,0.0,0.003721749304091971,0.0
0.0,0.032034185808522804,0.0,0.0,0.048079981419740556,-4.9196605921879234e-06,-9.735101485681511e-06,0.003780834080001449,-1.1768666208184618e-06,0.03178668094570218,0.0,0.0051871974390297025,0.0,-4.655327574158837e-06,0.026288895240924492,0.0,0.009456399591880486,0.025152482314297727,0.2045252408766155,0.250028248184518,0.363659181687669
0.0,0.024104951261953247,0.0,0.0,0.0584218353431171,-1.022806430918138e-05,-2.0945020986037923e-05,0.0020528636765889717,-7.472313206125845e-06,0.043398194598235226,0.0,0.010276657366920693,0.0,-5.202477120462939e-06,0.044209522011078466,0.0,0.004519076072035565,0.016643022930398963,0.22211260181222353,0.2530771290957614,0.3211400920834101
0.0,0.0,0.0,0.0,0.0,0.0,0.0,0.0,0.0,0.0,0.0,0.0,0.0,0.0,0.0,0.0,0.0,0.0,0.0,0.027525451954565336,0.0,0.004625350192825679,0.08020637756196747,-1.4668958984609356e-08,0.008398884759010418,0.0010045403795846076,-8.081265819609625e-09,0.021436197168208306,0.0,0.008216448075398126,0.0,-1.29278354267505e-08,0.017114933772560986,0.0,0.00039359079531443885,0.015179930752874143,0.19770002884652668,0.6181980457824114
0.0,0.0,0.0,0.0,0.0,0.0,0.0,0.0,0.0,0.0,0.0,0.0,0.0,0.0,0.0,0.0,0.0,0.0,0.0,-0.05864578797413275,0.0,0.0,-0.14399918664056455,-0.014963210450621727,-0.04488963135186518,0.0016094051044722036,-0.014560859174503674,-0.05784108542189665,0.0,-0.014560859174503674,0.0,-0.0295240696251254,-0.07320664714863644,0.0,0.0008047025522361018,-0.04408492879962908,0.0,0.0,0.0,0.0,-0.11602204091800877,0.0,-0.12718728883028466,0.0,0.0,0.0,0.0,-0.12718728883028466,0.0,0.0,-0.12718728883028466,0.0,0.003721749304091971,0.0
0.0,0.052565715511672724,0.0,0.008198859228293843,0.04843160210661086,-8.167046953067755e-09,0.008185885586683603,6.276499948423893e-06,-1.9536967580619266e-09,0.015608443781380923,0.0,8.611180435223436e-06,0.0,-7.728232093986276e-09,0.007439579384594829,0.0,1.56984121214573e-05,0.03207077689092273,0.1725692458916371,0.1726447846793696,0.48225432038817745
0.0,0.033260696014578414,0.0,0.006966463285000363,0.05848448776932473,-1.883157619739262e-08,0.008364725573892654,0.0014168414360460372,-1.3757777743499961e-08,0.030774175765057525,0.0,0.0056816225300680675,0.0,-9.578630066027691e-09,0.019226642949416336,0.0,8.32037449314422e-06,0.027469832374989206,0.1916878833335116,0.20584500290659255,0.41081307258319094
0.0,0.0,0.0,0.0,0.0,0.0,0.0,0.0,0.0,0.0,0.0,0.0,0.0,0.0,0.0,0.0,0.0,0.0,0.0,-0.0545104412979325,0.0,5.148239602623626e-05,-0.11142440106179408,-1.6327264407128472e-10,9.348367006086934e-05,-0.006465829393526186,-8.99484168709535e-11,0.00023859529460535617,0.0,9.145306108989683e-05,0.0,-0.08916391850127081,-0.007589654024807731,0.0,4.380856876110463e-06,-0.01941638834456034,-0.28793988125138,-0.42300887635800166
0.0,0.0,0.0,0.0,0.0,0.0,0.0,0.0,0.0,0.0,0.0,0.0,0.0,0.0,0.0,0.0,0.0,0.0,0.0,-0.08799439153289874,0.0,0.0,-0.19487780385248388,-0.000288652071345564,-0.0008659562140366918,-0.042924453406961785,-0.0002808903995009243,-0.0011157999261590583,0.0,-0.0002808903995009243,0.0,-0.0912494900179954,-0.022538275790113003,0.0,1.5523343689279012e-05,-0.057510556006936095,0.0,-0.08177607659041777,0.0,0.0,-0.2881779074625917,0.0,-0.0024535426064372936,-0.04092545246732479,0.0,0.0,0.0,-0.0024535426064372936,0.0,0.0,-0.0432714575382721,0.0,7.179546456291545e-05,-0.04092545246732479
0.0,-0.039315207810142014,0.0,4.251327290081757e-05,-0.08390654397019978,-4.234831776491093e-11,4.2446001107152645e-05,3.25453270679999e-08,-1.0130439019406528e-11,8.093394599885112e-05,0.0,4.465126838346961e-08,0.0,-4.007294562622538e-11,3.857620430328982e-05,0.0,8.140045584950219e-08,-0.0146454673928221,-0.13766239516266954,-0.13766200347389823,-0.5866031059179999
0.0,-0.028550047549312514,0.0,6.048231011514104e-05,-0.08332190392625446,-1.6349432774302635e-10,7.262191810836484e-05,-0.0040786593175607564,-1.1944399129600908e-10,0.0002671790786822427,0.0,4.932741934643402e-05,0.0,-0.0802694943709328,-0.016330211368729815,0.0,7.223686536208193e-08,-0.012069045767322005,-0.22416938341498466,-0.22404647236796885,-0.326714151551813
0.0,0.0,0.0,0.0,0.0,0.0,0.0,0.0,0.0,0.0,0.0,0.0,0.0,0.0,0.0,0.0,0.0,0.0,0.0,0.043285893955348285,0.0,1.220575681671264e-07,0.09129302914005134,-3.870966276200871e-13,2.2163672073756628e-07,-1.5329578125212784e-05,0.008168513291313625,0.018722281314733344,0.0,0.02113048431912535,0.0,0.019736910861561582,0.0018937651615681902,0.0,1.0386399586254253e-08,0.04073459050998618,0.2757494561562339,0.4792691486176982
0.0,0.0,0.0,0.0,0.0,0.0,0.0,0.0,0.0,0.0,0.0,0.0,0.0,0.0,0.0,0.0,0.0,0.0,0.0,0.08335722462034872,0.0,0.0,0.19531928891776495,-1.4044402743229159e-06,-4.2133208229687485e-06,-0.0002088494665464007,0.02128033353011737,0.03961952365193698,0.0,0.038480071251838145,0.0,0.04507842221741104,0.006931299564630336,0.0,7.552902346326768e-08,0.06951190120024216,0.0,0.08023313890490866,0.0,0.0,0.2495593446575743,0.0,-1.1937742331744783e-05,-0.0001991233023967781,0.03581715469421806,0.06270294446096152,0.0,0.026866898109505353,0.0,0.026878835851837098,-0.000210537819500519,0.0,3.4932173351761315e-07,0.017726606119160063
0.0,0.06888254351661549,0.0,7.321568834845884e-08,0.054750513639648994,-7.293160521399413e-14,7.309983392597994e-08,5.604904918443763e-11,-1.744648236818464e-14,0.013455849295004372,0.0,0.013362162448255882,0.0,0.005104835660361102,6.643533087949643e-08,0.0,1.4018658174833266e-10,0.022947086030170954,0.17850320387474397,0.28614888384401255,0.3568445193037418
0.0,0.03742157153077749,0.0,1.1826027426209777e-07,0.0655644473381451,-3.1967833243107785e-13,1.4199669186883204e-07,-7.974949511653104e-06,0.009024423340009993,0.014496551006885353,0.0,0.01886885265612406,0.0,0.01707541232572236,0.0021539647509440716,0.0,1.4124380324248652e-10,0.037442810481831845,0.2020403194579845,0.23497288139999392,0.36093032955028126
0.0,0.0,0.0,0.0,0.0,0.0,0.0,0.0,0.0,0.0,0.0,0.0,0.0,0.0,0.0,0.0,0.0,0.0,0.0,0.02866709244622791,0.0,2.0258798447748633e-10,0.09191095955642459,-6.424929380880986e-16,3.678668780205648e-10,0.003746281933260587,1.3557886403233141e-05,0.013820890226308297,0.0,0.023984672926379062,0.000930107215956555,3.2758812511983754e-05,0.023357675565789892,0.0,1.7239076525561626e-11,0.015917968120093908,0.3241335987562935,0.47348426612931116
0.0,0.0,0.0,0.0,0.0,0.0,0.0,0.0,0.0,0.0,0.0,0.0,0.0,0.0,0.0,0.0,0.0,0.0,0.0,0.08335722462034872,0.0,0.0,0.19531928891776495,-1.4044402743229159e-06,-4.2133208229687485e-06,-0.0002088494665464007,0.02128033353011737,0.03961952365193698,0.0,0.038480071251838145,0.0,0.04507842221741104,0.006931299564630336,0.0,7.552902346326768e-08,0.06951190120024216,0.0,0.08023313890490866,0.0,0.0,0.2495593446575743,0.0,-1.1937742331744783e-05,-0.0001991233023967781,0.03581715469421806,0.06270294446096152,0.0,0.026866898109505353,0.0,0.026878835851837098,-0.000210537819500519,0.0,3.4932173351761315e-07,0.017726606119160063
0.0,0.020590676086637186,0.0,7.67197890719415e-11,0.058321992627622964,-7.642210972689047e-17,7.659838986015875e-11,5.873155505480464e-14,-1.8281470508945183e-17,0.009765375860716212,0.0,0.01056454408720499,0.0,5.349152947191716e-06,0.014673774715996386,0.0,1.4689590748995474e-13,0.013504823298284252,0.15160068689233516,0.23634093984005486,0.4846317275088704
0.0,0.029250773603720123,0.0,1.5987545409727222e-10,0.055351266923489295,-4.3217148684439945e-16,1.919645944886483e-10,0.002547347922740113,1.2200071312641344e-05,0.012502399726156264,0.0,0.01599702127037356,0.0005992692026637229,2.3084161748371347e-05,0.027500329812273405,0.0,1.9094676824249144e-13,0.02109607194915687,0.1858150382555459,0.27232792898894964,0.37697713011236456
0.0,0.0,0.0,0.0,0.0,0.0,0.0,0.0,0.0,0.0,0.0,0.0,0.0,0.0,0.0,0.0,0.0,0.0,0.0,0.025091954395467155,0.0,3.7705316562239214e-13,0.08678439517456554,-1.1957964675001286e-18,0.0006894914720340206,0.0002721355279128147,2.5233697845767075e-08,0.022273193980481946,0.0,0.024293654058207298,1.7310990632004742e-06,6.097012116257351e-08,0.014735124673034963,0.0,0.0033959490718603377,0.009967987186996775,0.24636124802132223,0.5661328576989666
0.0,0.0,0.0,0.0,0.0,0.0,0.0,0.0,0.0,0.0,0.0,0.0,0.0,0.0,0.0,0.0,0.0,0.0,0.0,0.08335722462034872,0.0,0.0,0.19531928891776495,-1.4044402743229159e-06,-4.2133208229687485e-06,-0.0002088494665464007,0.02128033353011737,0.03961952365193698,0.0,0.038480071251838145,0.0,0.04507842221741104,0.006931299564630336,0.0,7.552902346326768e-08,0.06951190120024216,0.0,0.08023313890490866,0.0,0.0,0.2495593446575743,0.0,-1.1937742331744783e-05,-0.0001991233023967781,0.03581715469421806,0.06270294446096152,0.0,0.026866898109505353,0.0,0.026878835851837098,-0.000210537819500519,0.0,3.4932173351761315e-07,0.017726606119160063
0.0,0.009711435574390945,0.0,1.1638598144989233e-13,0.07743590580923762,-1.1593439388493385e-19,1.1620181558367322e-13,8.909734710977927e-17,-2.773348197732477e-20,0.002430431109596549,0.0,0.04357434986204393,0.0,8.114808750330377e-09,2.226051052218613e-05,0.0,0.00726470361215915,0.012104480313683618,0.152580247743154,0.15270880098380987,0.5421672078078196
0.0,0.025789724313614898,0.0,2.9150819066434106e-13,0.07510320659205823,-7.879979381330086e-19,3.50017780571574e-13,4.644695385814121e-06,2.224494519440236e-08,0.02300573752734821,0.0,0.028849593104530523,1.0926748072476283e-06,4.209040257159486e-08,0.017216943157936523,0.0,0.0024548428246932994,0.011684223521160917,0.1841482449839293,0.2331683042110915,0.39857318964508537
0.0,0.0,0.0,0.0,0.0,0.0,0.0,0.0,0.0,0.0,0.0,0.0,0.0,0.0,0.0,0.0,0.0,0.0,0.0,0.03715443444453571,0.0,8.70951244985434e-16,0.10072540589040084,-2.7621580113225574e-21,1.5926492885522313e-06,6.286030683476605e-07,0.006041272020298074,0.020931681687059518,0.0,5.611566266076862e-05,3.9986479938415165e-09,0.003959826853699436,0.038292146849833855,0.0,7.844267975211613e-06,0.027046230721781226,0.23435313347017822,0.5314294413920968
0.0,0.0,0.0,0.0,0.0,0.0,0.0,0.0,0.0,0.0,0.0,0.0,0.0,0.0,0.0,0.0,0.0,0.0,0.0,0.05182093257527914,0.0,0.0,0.17012427058673027,-6.855623568649083e-09,-2.0566870705947255e-08,-1.0194761225040802e-06,0.018900637713432214,0.0516074317101447,0.0,0.0001878363133132013,0.0,0.019016805513997512,0.09401763470467231,0.0,3.686867735414804e-10,0.09432311515503902,0.0,0.12477626782077464,0.0,0.0,0.0012181969972599282,0.0,-5.82728003335172e-08,-9.71998902293453e-07,0.00017483757363908638,0.1557922392289318,0.0,0.00013114786243567143,0.0,0.00013120613523600493,0.09330360176142588,0.0,1.7051763276293474e-09,0.12447114892950169
0.0,0.02587894938419229,0.0,1.8966084556833677e-16,0.07647642243010822,-1.8892494526186342e-22,1.8936073164158373e-16,1.4519169731804476e-19,0.0016797354658801256,0.01201365566244683,0.0,7.100810541760857e-05,0.0,0.0050483567956744165,0.015738955058967018,0.0,1.183845178535228e-05,0.027909395736801942,0.16482837685277713,0.1648285863412054,0.5055145451163542
0.0,0.03739205211320314,0.0,6.451941163053082e-16,0.07008228891657697,-1.744073235765596e-21,7.746931985422488e-16,1.028008896809452e-08,0.007075312742676915,0.02404581349676682,0.0,6.385270920321419e-05,2.4184135446230717e-09,0.005423322746748347,0.046915031300695555,0.0,5.433295521943515e-06,0.03402239751031203,0.22502560201669375,0.22513409795199574,0.3248145529740366
0.0,0.0,0.0,0.0,0.0,0.0,0.0,0.0,0.0,0.0,0.0,0.0,0.0,0.0,0.0,0.0,0.0,0.0,0.0,0.029982268162827425,0.0,1.4586728877839368e-18,0.09117966540474277,0.0023077820524327786,0.0013175736610249206,0.0006252351157866582,0.01403721563020403,0.018448133796847444,0.0,0.000961813042794785,6.696952843216614e-12,0.00031070148707790566,0.03130315174885049,0.0,1.3137613713548735e-08,0.01861979372675615,0.20909357466300027,0.5818129058077495
0.0,0.0,0.0,0.0,0.0,0.0,0.0,0.0,0.0,0.0,0.0,0.0,0.0,0.0,0.0,0.0,0.0,0.0,0.0,0.05182093257527914,0.0,0.0,0.17012427058673027,-6.855623568649083e-09,-2.0566870705947255e-08,-1.0194761225040802e-06,0.018900637713432214,0.0516074317101447,0.0,0.0001878363133132013,0.0,0.019016805513997512,0.09401763470467231,0.0,3.686867735414804e-10,0.09432311515503902,0.0,0.12477626782077464,0.0,0.0,0.0012181969972599282,0.0,-5.82728003335172e-08,-9.71998902293453e-07,0.00017483757363908638,0.1557922392289318,0.0,0.00013114786243567143,0.0,0.00013120613523600493,0.09330360176142588,0.0,1.7051763276293474e-09,0.12447114892950169
0.0,0.03521742034274441,0.0,2.889209918999463e-19,0.07768200370914595,0.0017452961924488348,2.8846381154128723e-19,2.211786469635433e-22,0.0075975159780322455,0.02354880692454433,0.0,1.0817062524800035e-07,0.0,7.69044474361761e-06,0.02053272864341688,0.0,1.8034176859932168e-08,0.023947553328037247,0.19027914185895364,0.19027914217807912,0.4291624169453975
0.0,0.030985261395312352,0.0,1.1047381737316781e-18,0.06646479332334936,0.0033106773748925013,0.001016035137909136,1.7602154801792755e-11,0.01572795606773741,0.030128201958116416,0.0,1.0933225144229117e-07,4.140945639607448e-12,9.286122603085101e-06,0.04349693873572793,0.0,9.30319855771289e-09,0.02324754661694069,0.2143868155344446,0.2143870013073746,0.3568391924658915
0.0,0.0,0.0,0.0,0.0,0.0,0.0,0.0,0.0,0.0,0.0,0.0,0.0,0.0,0.0,0.0,0.0,0.0,0.0,0.024378216805940992,0.0,0.006973893060405344,0.0710219196350043,3.606702156641326e-06,0.010721871713101811,0.0007696078999994524,2.1937971063309885e-05,0.015130411638610942,0.006593137810810259,0.0017313682593434077,1.0466289152865382e-14,4.855777963669687e-07,0.01629773320867682,0.0,0.0014728160986096246,0.011237971257402023,0.1993831939466074,0.6342616669206336
0.0,0.0,0.0,0.0,0.0,0.0,0.0,0.0,0.0,0.0,0.0,0.0,0.0,0.0,0.0,0.0,0.0,0.0,0.0,0.05182093257527914,0.0,0.0,0.17012427058673027,-6.855623568649083e-09,-2.0566870705947255e-08,-1.0194761225040802e-06,0.018900637713432214,0.0516074317101447,0.0,0.0001878363133132013,0.0,0.019016805513997512,0.09401763470467231,0.0,3.686867735414804e-10,0.09432311515503902,0.0,0.12477626782077464,0.0,0.0,0.0012181969972599282,0.0,-5.82728003335172e-08,-9.71998902293453e-07,0.00017483757363908638,0.1557922392289318,0.0,0.00013114786243567143,0.0,0.00013120613523600493,0.09330360176142588,0.0,1.7051763276293474e-09,0.12447114892950169
0.0,0.03338231673290999,0.0,0.011427904585398021,0.0619764963211253,2.402891431615236e-06,0.0018859741149305502,3.045146594282333e-25,1.0460119104229771e-05,0.024811797200270547,0.005728331022207367,1.4892731084010697e-10,0.0,1.058806170534342e-08,2.8269080021151502e-05,0.0,0.0019029087429534388,0.005732512746100822,0.16015884286143364,0.17336066166638686,0.5195909609843969
0.0,0.025345984109572374,0.0,0.013200864564560783,0.05940120964539577,5.166151798174788e-06,0.006480781968316696,2.746731057839342e-14,2.454271416996468e-05,0.026421461487123907,0.007829003086113121,0.00207836429700296,6.461745238131727e-15,1.4490544849770305e-08,0.01281793971124156,0.0,0.0023482074720768673,0.010968287625083223,0.18768083434886365,0.20321918748036166,0.4421779899261696
0.0,0.0,0.0,0.0,0.0,0.0,0.0,0.0,0.0,0.0,0.0,0.0,0.0,0.0,0.0,0.0,0.0,0.0,0.0,-0.0192108203293306,0.0,-0.00491789774382452,-0.08449573879953094,5.990407949652394e-08,-0.006645222506984839,-0.0012687077108025921,3.643699716509881e-07,-0.005916562209880576,-0.003953521857647741,-0.014929469711079911,-0.000434963116471864,8.065010542040854e-09,-0.010764497345175327,0.0,-0.005808965235308367,-0.008344418344493294,-0.25316412447478404,-0.5801429612588077
0.0,0.0,0.0,0.0,0.0,0.0,0.0,0.0,0.0,0.0,0.0,0.0,0.0,0.0,0.0,0.0,0.0,0.0,0.0,0.05182093257527914,0.0,0.0,0.17012427058673027,-6.855623568649083e-09,-2.0566870705947255e-08,-1.0194761225040802e-06,0.018900637713432214,0.0516074317101447,0.0,0.0001878363133132013,0.0,0.019016805513997512,0.09401763470467231,0.0,3.686867735414804e-10,0.09432311515503902,0.0,0.12477626782077464,0.0,0.0,0.0012181969972599282,0.0,-5.82728003335172e-08,-9.71998902293453e-07,0.00017483757363908638,0.1557922392289318,0.0,0.00013114786243567143,0.0,0.00013120613523600493,0.09330360176142588,0.0,1.7051763276293474e-09,0.12447114892950169
0.0,-0.012542799953638549,0.0,0.00016679126182685426,-0.0714719983262117,3.5070409532832366e-08,-0.002212580718312245,4.4444179518008156e-27,1.526663485170237e-07,-0.01529913462839965,-0.0020482087722837753,-0.011341881496283143,0.0,1.54533681913246e-10,-0.013528232422500588,0.0,-0.004399096586383419,-0.013389830948650617,-0.14587311579709888,-0.1607332288087642,-0.546991306928783
0.0,-0.011424805565415395,0.0,-0.003614653999508546,-0.06847819187805751,7.703407606418727e-08,-0.008650707960041864,4.0957350365162986e-16,3.659639484187495e-07,-0.009441318481951703,-0.005374683032137512,-0.01614998376759339,9.63530677432871e-17,2.1607296451550313e-10,-0.011227102910152276,0.0,-0.00554015121058594,-0.006678626488596203,-0.15010748944964003,-0.1927659561175392,-0.5105443575157033
0.0,0.0,0.0,0.0,0.0,0.0,0.0,0.0,0.0,0.0,0.0,0.0,0.0,0.0,0.0,0.0,0.0,0.0,0.0,-0.021959062706191728,0.0,-0.009946026907856896,-0.05643193039809011,-0.005118077059254821,-0.01587865756574737,-0.0032705818695227627,-0.0014095989254056661,-0.011982869819328808,-5.780726229531195e-05,-0.005266664596121809,-6.3599058935355145e-06,-0.0009562231531626187,-0.014027408941188348,0.0,-0.0004903053676869003,-0.009529304514087124,-0.17545884034697085,-0.6682087727970328
0.0,0.0,0.0,0.0,0.0,0.0,0.0,0.0,0.0,0.0,0.0,0.0,0.0,0.0,0.0,0.0,0.0,0.0,0.0,0.05182093257527914,0.0,0.0,0.17012427058673027,-6.855623568649083e-09,-2.0566870705947255e-08,-1.0194761225040802e-06,0.018900637713432214,0.0516074317101447,0.0,0.0001878363133132013,0.0,0.019016805513997512,0.09401763470467231,0.0,3.686867735414804e-10,0.09432311515503902,0.0,0.12477626782077464,0.0,0.0,0.0012181969972599282,0.0,-5.82728003335172e-08,-9.71998902293453e-07,0.00017483757363908638,0.1557922392289318,0.0,0.00013114786243567143,0.0,0.00013120613523600493,0.09330360176142588,0.0,1.7051763276293474e-09,0.12447114892950169
0.0,-0.012999913631492013,0.0,-0.009810006539252028,-0.034874027973898554,-0.00851427809531874,-0.011174414448284022,-0.0007588612308801941,1.5242106390265774e-09,-0.009776010284431386,-2.044917974385412e-05,-0.00011323658822746877,0.0,1.5428539710822619e-12,-0.006124159728332689,0.0,-4.392028684909184e-05,-0.006892702308129483,-0.1011000451916839,-0.14665126591358402,-0.6511456561337928
0.0,-0.01799413771104445,0.0,-0.012726798850040072,-0.03187320373195387,-0.0073203411102628155,-0.020707256777489778,-0.004011635223776264,-0.0008352259101777439,-0.014833154113355567,-6.83320274261733e-05,-0.0030926002658523753,1.2250025588972773e-18,-0.0006729888154993953,-0.014376840143569896,0.0,-7.043573773621187e-05,-0.009977336287170117,-0.1424840516809492,-0.1684899204629146,-0.5504644344664824
0.0,0.0,0.0,0.0,0.0,0.0,0.0,0.0,0.0,0.0,0.0,0.0,0.0,0.0,0.0,0.0,0.0,0.0,0.0,-0.02649339361917943,0.0,-0.00593274174353125,-0.0651742623637012,-0.005696178584366211,-0.01078615757827865,-0.00011815809877722051,-0.0006421306986247668,-0.011349348101640936,-2.088434560216909e-06,-0.002790699701276247,-2.2976779630098357e-07,-3.4545996489896935e-05,-0.017760389457087584,0.0,-1.7713530000887495e-05,-0.01744142686600305,-0.1681476286035453,-0.6676091435690406
0.0,0.0,0.0,0.0,0.0,0.0,0.0,0.0,0.0,0.0,0.0,0.0,0.0,0.0,0.0,0.0,0.0,0.0,0.0,0.05182093257527914,0.0,0.0,0.17012427058673027,-6.855623568649083e-09,-2.0566870705947255e-08,-1.0194761225040802e-06,0.018900637713432214,0.0516074317101447,0.0,0.0001878363133132013,0.0,0.019016805513997512,0.09401763470467231,0.0,3.686867735414804e-10,0.09432311515503902,0.0,0.12477626782077464,0.0,0.0,0.0012181969972599282,0.0,-5.82728003335172e-08,-9.71998902293453e-07,0.00017483757363908638,0.1557922392289318,0.0,0.00013114786243567143,0.0,0.00013120613523600493,0.09330360176142588,0.0,1.7051763276293474e-09,0.12447114892950169
0.0,-0.031213437678275897,0.0,-0.00031007413211358095,-0.06464714079845184,-0.008122987899889312,-0.00035320026016958305,-2.398604288573296e-05,4.817716371170612e-11,-0.006415325972410339,-6.463565173111132e-07,-3.57917567920525e-06,0.0,4.876644109737772e-14,-0.00689763800632227,0.0,-1.3882299438253008e-06,-0.03287805195945505,-0.1508673953474828,-0.15230717575695993,-0.5459544603414987
0.0,-0.029104970822588918,0.0,-0.001935214903411767,-0.05690823470032599,-0.007521443261514096,-0.008520848510815004,-0.00013470654276220848,-2.8046018271709573e-05,-0.013423557636333414,-2.2945184846212186e-06,-0.00384346363923911,4.113431316134893e-20,-2.259826519526378e-05,-0.021640940656819253,0.0,-2.365158891096601e-06,-0.030713915179217732,-0.17393435576499483,-0.1793895191067119,-0.4728700382684721
0.0,0.0,0.0,0.0,0.0,0.0,0.0,0.0,0.0,0.0,0.0,0.0,0.0,0.0,0.0,0.0,0.0,0.0,0.0,0.030317657335963023,0.0,-1.10863937806737e-05,0.08099587071135479,0.0012058405737033558,-2.0155873197005106e-05,0.003090216876428358,-1.1999365708738896e-06,0.013069840185254925,-3.902615168606958e-09,0.012722606088026044,-4.2936240578612093e-10,0.004163015549357838,0.024697029800378394,0.0,-3.310091308959094e-08,0.04337333928736067,0.23437590238569528,0.5519560086740739
0.0,0.0,0.0,0.0,0.0,0.0,0.0,0.0,0.0,0.0,0.0,0.0,0.0,0.0,0.0,0.0,0.0,0.0,0.0,0.041711214913103464,0.0,0.0,0.15285383326664406,0.013827916226212721,-9.027754895560211e-11,0.027655828037656226,8.29636783768505e-05,0.027882361502328798,0.0,0.027656657013440635,0.0,0.013911389849119367,0.0695522683519655,0.0,1.6183375061549503e-12,0.12486527427278053,0.0,0.000547700998744062,0.0,0.0,5.3472324803354415e-06,0.0,-2.5578638870753924e-10,0.12445124204019249,7.674433237389454e-07,0.0006838445043477503,0.0,5.756688871504039e-07,0.0,5.759246735391115e-07,0.12486079915492625,0.0,7.484810965966649e-12,0.24944885430369515
0.0,0.0193418332808033,0.0,-4.924018957443491e-07,0.056447928326872246,-1.2899414129614588e-05,-5.60886767623666e-07,-3.809015898176842e-08,7.650598449321897e-14,0.01503141200620995,-1.026422850178696e-09,-5.683779158324514e-09,0.0,7.744176491400454e-17,0.02368834833569698,0.0,-2.2045278379373386e-09,0.06680610353342405,0.18130162587245496,0.21184038209286327,0.42552818157567973
0.0,0.02496343246843521,0.0,-3.6061951452058806e-06,0.06308139149114779,0.0013612976777487697,-1.587825852238059e-05,0.004112502791241402,-5.226262714052405e-08,0.01231057863542532,-4.275742918907019e-09,0.010958818192391726,7.665213830376963e-23,0.002740315182679235,0.03033408353418541,0.0,-4.4073784754737764e-09,0.06242312590734801,0.21226575495927055,0.23287411267726568,0.3425548487263058
0.0,0.0,0.0,0.0,0.0,0.0,0.0,0.0,0.0,0.0,0.0,0.0,0.0,0.0,0.0,0.0,0.0,0.0,0.0,0.03431891397800824,0.0,-2.0717921265810736e-08,0.09482408400439767,0.002289850892448361,-3.7666693263879424e-08,0.004260630585242675,-2.242405591137272e-09,0.016005923852570603,-7.293090557085041e-12,0.00048230967318220653,-8.023796279979669e-13,7.779719003874347e-06,0.03816981368386956,0.0,-6.1857996818774e-11,0.043125654132427256,0.23352371972130206,0.5329910655093845
0.0,0.0,0.0,0.0,0.0,0.0,0.0,0.0,0.0,0.0,0.0,0.0,0.0,0.0,0.0,0.0,0.0,0.0,0.0,0.041711214913103464,0.0,0.0,0.15285383326664406,0.013827916226212721,-9.027754895560211e-11,0.027655828037656226,8.29636783768505e-05,0.027882361502328798,0.0,0.027656657013440635,0.0,0.013911389849119367,0.0695522683519655,0.0,1.6183375061549503e-12,0.12486527427278053,0.0,0.000547700998744062,0.0,0.0,5.3472324803354415e-06,0.0,-2.5578638870753924e-10,0.12445124204019249,7.674433237389454e-07,0.0006838445043477503,0.0,5.756688871504039e-07,0.0,5.759246735391115e-07,0.12486079915492625,0.0,7.484810965966649e-12,0.24944885430369515
0.0,0.019333058940739698,0.0,-6.294976784655744e-10,0.07310946581266499,0.0020659654578255183,-7.170502817976001e-10,0.004149511759809469,9.780697443173343e-17,0.01451081701082404,-1.3122020993334544e-12,-7.2662713446049155e-12,0.0,9.900329720694845e-20,0.020024005091104777,0.0,-2.81831806109616e-12,0.026311639820534166,0.15950446253568204,0.15954350396974257,0.5214474345898632
0.0,0.030006076493426525,0.0,-6.139301287993877e-09,0.07094608461421381,0.0011805280144507665,-2.7031652218583855e-08,0.006516437274219509,-8.897355833455456e-11,0.02199486101590646,-7.279160708780207e-12,1.8656640568351792e-05,1.3049503769684425e-25,4.665199705816625e-06,0.036110898847505735,0.0,-7.50326126613647e-12,0.04633047793522316,0.21900242711476647,0.21314373666602715,0.3547449419371197
0.0,0.0,0.0,0.0,0.0,0.0,0.0,0.0,0.0,0.0,0.0,0.0,0.0,0.0,0.0,0.0,0.0,0.0,0.0,-0.025543129149972966,-0.0002469623820349606,-0.0033822973004837696,-0.05982711306418898,-0.009794313021241395,-0.006126556815459073,-0.002740978865239206,-1.5806603810382627e-10,-0.015634766014135174,-5.140862716571289e-13,-0.00322000084916037,-5.6559334918772344e-14,-0.006213442851742716,-0.013926566479791238,0.0,-0.0029796278487473865,-0.012505354079694643,-0.17339166503507897,-0.6644599866227255
0.0,0.0,0.0,0.0,0.0,0.0,0.0,0.0,0.0,0.0,0.0,0.0,0.0,0.0,0.0,0.0,0.0,0.0,0.0,-0.0721582111014038,0.0,-0.010427127319609757,-0.12002010307412947,-0.025602788020473142,-0.023510879860633636,-0.0058978383468906255,2.922721717741325e-05,-0.04325558342838978,0.0,-0.004990692743710008,0.0,-0.017703192305872976,-0.03378928427250804,0.0,-0.005213563659234755,-0.0056896832794505435,0.0,-0.09024965147147396,0.0,0.0,-0.18134527035847064,-0.04525358588413732,-0.0912373641366962,0.04384284243744993,2.7036208052863725e-07,-0.04501267477417706,0.0,-0.04522109753775884,0.0,2.0289210701216075e-07,-0.001631556991663347,0.0,2.6368189057445713e-12,0.08787816526497395
0.0,-0.02492968964730805,0.0,-0.0017750820778322893,-0.033927960775814815,-0.01502955966449704,-0.007972632092783085,0.00018978447772676933,4.473356538074813e-18,-0.003245134338899716,-6.00156366602043e-14,-0.0008040359492943254,0.0,-0.0033311889810636814,-0.008996133704558207,0.0,-0.0017750820491701182,-0.02054600832019177,-0.12214272312374067,-0.13970546685781246,-0.6156247155983176
0.0,-0.02669095704904926,0.0,-0.005109644161253665,-0.037316089861046335,-0.012771524830550359,-0.011947903866040553,-0.0016421950139864096,-7.18333631303087e-12,-0.014688853606748256,-5.876876279484602e-13,-0.004007400382860248,1.0535599120733603e-26,-0.005099277705483234,-0.014963648441050683,0.0,-0.003325558980771478,-0.023506535058291974,-0.1685289638721558,-0.17641892330159778,-0.4939742625410322
0.0,0.0,0.0,0.0,0.0,0.0,0.0,0.0,0.0,0.0,0.0,0.0,0.0,0.0,0.0,0.0,0.0,0.0,0.0,-0.03363103830824174,-2.612273598321931e-06,-3.57766469003304e-05,-0.10274055265167677,-0.00010360049619001346,-6.480437419565138e-05,-2.8993025837470105e-05,-0.012052210316243421,-0.0052203456502226495,-5.437807910840295e-15,-0.021665763675672526,-5.98263007222051e-16,-0.014126230921876416,-0.022802734631959164,0.0,-3.1517363486580316e-05,-0.029591237542131565,-0.283433063315064,-0.47446843460091004
0.0,0.0,0.0,0.0,0.0,0.0,0.0,0.0,0.0,0.0,0.0,0.0,0.0,0.0,0.0,0.0,0.0,0.0,0.0,-0.05270851714183053,0.0,-0.00021871089678001282,-0.19559552316561069,-0.00053702314706519,-0.0004931449919802813,-0.00012370823472022908,-0.025674306926103514,-0.011031263688487844,0.0,-0.04221539538339691,0.0,-0.03147322775322143,-0.058370401125091766,0.0,-0.00010935544837804799,-0.08052862637327467,0.0,-0.07868174769383202,0.0,0.0,-0.23401159268268548,-0.0009492022153232345,-0.0019137203487152032,0.0009196116142982275,-0.04605012921897538,-0.046994283950734114,0.0,-0.000948520766334118,0.0,4.255698939319824e-09,-3.4222205393359064e-05,0.0,5.530775733766247e-14,-0.09041540106400073
0.0,-0.02199338730456732,0.0,-1.4339909406412169e-05,-0.08011187761993638,-0.00012141552590646845,-6.44064989269558e-05,1.5331641569321574e-06,-0.002062887105991948,-0.003652181726744927,-4.848332386559036e-16,-0.018978728144646118,0.0,-0.010608188467622376,-0.02846298676401166,0.0,-1.4339909174866292e-05,-0.017668375837481296,-0.18375158165026026,-0.19815635235215753,-0.43433658891506804
0.0,-0.02928883529019294,0.0,-4.560027935437676e-05,-0.07318547615300192,-0.0001139776238178523,-0.00010662733779430382,-1.4655531584761415e-05,-0.010463619983107793,-0.006185338985958609,-5.2447331285366154e-15,-0.02246103917843946,9.402342862038052e-29,-0.012339031422397562,-0.023008517719068904,0.0,-2.967846952681514e-05,-0.028317329085930112,-0.205626297171297,-0.22804166113217336,-0.36077140236893035
0.0,0.0,0.0,0.0,0.0,0.0,0.0,0.0,0.0,0.0,0.0,0.0,0.0,0.0,0.0,0.0,0.0,0.0,0.0,0.036186751842453804,-5.383892421756352e-09,-7.373562181475747e-08,0.09026895902898249,0.0018996473925398877,-1.3356172927397658e-07,0.0008702248539794446,-2.4839589478192198e-05,0.01740274020973276,-1.120731489264619e-17,0.01693674724192816,-1.2330192644710183e-18,0.001015288692935422,0.016275785021056505,0.0,0.008433078203092423,0.022096505738433005,0.2585414660107905,0.5300475416684902
0.0,0.0,0.0,0.0,0.0,0.0,0.0,0.0,0.0,0.0,0.0,0.0,0.0,0.0,0.0,0.0,0.0,0.0,0.0,0.04638852387825864,0.0,-1.0736903215945537e-06,0.17396708439833483,0.011659183477347896,-2.4209356407359375e-06,0.02332303233164616,-0.00012603969562583102,0.03493130503897106,0.0,0.03477821664291445,0.0,0.011507312199046162,0.04636072869235652,0.0,0.034984922610584536,0.08123740951684495,0.0,-0.00038626256043376223,0.0,0.0,0.3749448850160271,-4.659800891648133e-06,-9.394790323231135e-06,4.5145354183751095e-06,-0.00022606819677724853,-0.00023070321868288638,0.0,-4.6564555385127985e-06,0.0,2.0891975800199246e-11,-1.6800283504588723e-07,0.0,2.715155240860189e-16,0.12492069791786176
0.0,0.01331983066791779,0.0,-2.1127204556720825e-08,0.057328634766522175,0.004338728404037293,-9.489106514184514e-08,2.2588338492608675e-09,-3.0392826502952183e-06,0.010820954982391762,-7.143121144405859e-19,0.011148687566729392,0.0,-1.562920387987163e-05,0.004297437002476252,0.0,0.015538116107666814,0.03464336237128828,0.15141696962306375,0.19693516485739865,0.5001931648222171
0.0,0.028053702716214657,0.0,-8.62971571422162e-08,0.06487940044565225,0.0015164910533347214,-2.017890297070742e-07,-2.77351527244861e-08,-1.980208609998391e-05,0.01423935595204901,-9.925499698037921e-18,0.01530171500087095,1.7793651068771661e-31,0.0011923715786758462,0.020282422231618046,0.0,0.01929664259993916,0.029055555708496793,0.1937974133974788,0.236306512637248,0.3760581036100215
0.0,0.0,0.0,0.0,0.0,0.0,0.0,0.0,0.0,0.0,0.0,0.0,0.0,0.0,0.0,0.0,0.0,0.0,0.0,0.032715832795732425,-9.448213395008453e-12,-1.2939892463382426e-10,0.07977029339435632,3.3336984720309666e-06,0.0036532010130743762,0.00850826355609949,-4.3591090543708356e-08,0.018489501198940137,-1.966775975368279e-20,0.016330647023712792,-2.1638302213843437e-21,1.781734008954011e-06,0.026085764663972534,0.0,0.000524984062990607,0.011865446164296325,0.27346368443836094,0.5285870433018252
0.0,0.0,0.0,0.0,0.0,0.0,0.0,0.0,0.0,0.0,0.0,0.0,0.0,0.0,0.0,0.0,0.0,0.0,0.0,0.04638852387825864,0.0,-1.0736903215945537e-06,0.17396708439833483,0.011659183477347896,-2.4209356407359375e-06,0.02332303233164616,-0.00012603969562583102,0.03493130503897106,0.0,0.03477821664291445,0.0,0.011507312199046162,0.04636072869235652,0.0,0.034984922610584536,0.08123740951684495,0.0,-0.00038626256043376223,0.0,0.0,0.3749448850160271,-4.659800891648133e-06,-9.394790323231135e-06,4.5145354183751095e-06,-0.00022606819677724853,-0.00023070321868288638,0.0,-4.6564555385127985e-06,0.0,2.0891975800199246e-11,-1.6800283504588723e-07,0.0,2.715155240860189e-16,0.12492069791786176
0.0,0.03631746031717225,0.0,-2.949840880025399e-11,0.04733867761665806,6.057857005736787e-06,0.005420652154352599,0.007761423236109569,-4.243533584257722e-09,0.011034138051832773,-9.97343056255838e-22,0.02015853037411209,0.0,-2.1821942606425274e-08,0.016884945087504787,0.0,2.1694763247036397e-05,0.01239784049652135,0.16497241537340804,0.21844107692898526,0.45924491861981276
0.0,0.029029086339782264,0.0,-1.3032441251842408e-10,0.04910584563772402,2.290177476989113e-06,0.004423833379662373,0.00595250524443901,-2.9904753795848843e-08,0.019111459090902644,-1.49893108873432e-20,0.0254063178372304,2.6871651383300027e-34,1.8006980836982526e-06,0.026938506837401774,0.0,2.9141442125036446e-05,0.01060092607710764,0.18702747667530006,0.2582310496938054,0.384139577379904
0.0,0.0,0.0,0.0,0.0,0.0,0.0,0.0,0.0,0.0,0.0,0.0,0.0,0.0,0.0,0.0,0.0,0.0,0.0,0.02308146748545357,-1.1121599331655724e-14,0.004956016475415197,0.04930687594628718,0.008747532800947474,0.01758806977267453,0.00017663719857126856,-5.131156793232202e-11,0.005603971139495477,-2.3151143458220796e-23,0.015520462956275669,0.004159371254017289,2.09729934483063e-09,0.0014652640493451712,0.002423760100490844,6.179647050701507e-07,0.0025444152075922966,0.20130929631382935,0.6631161182937594
0.0,0.0,0.0,0.0,0.0,0.0,0.0,0.0,0.0,0.0,0.0,0.0,0.0,0.0,0.0,0.0,0.0,0.0,0.0,0.04638852387825864,0.0,-1.0736903215945537e-06,0.17396708439833483,0.011659183477347896,-2.4209356407359375e-06,0.02332303233164616,-0.00012603969562583102,0.03493130503897106,0.0,0.03477821664291445,0.0,0.011507312199046162,0.04636072869235652,0.0,0.034984922610584536,0.08123740951684495,0.0,-0.00038626256043376223,0.0,0.0,0.3749448850160271,-4.659800891648133e-06,-9.394790323231135e-06,4.5145354183751095e-06,-0.00022606819677724853,-0.00023070321868288638,0.0,-4.6564555385127985e-06,0.0,2.0891975800199246e-11,-1.6800283504588723e-07,0.0,2.715155240860189e-16,0.12492069791786176
0.0,0.025982222300625905,0.0,-2.338681599851597e-14,0.038967674715206596,4.802767094924364e-09,0.012981012195875207,6.1533819786217746e-06,-3.3643421172501955e-12,8.748043261174636e-06,-7.9070971936126985e-25,1.5982009194197467e-05,0.0,-1.7300789338245582e-11,1.3386657788237056e-05,0.0,1.719995948342266e-08,0.012986543823735212,0.09096779510708558,0.1818471882331918,0.6362231129454049
0.0,0.026594256676355146,0.0,0.004056853090330278,0.0390743262450361,0.0033136275242346023,0.019200258457036372,6.557423100086068e-06,-3.2943796820084455e-11,0.008486232654095417,-1.6512585782072556e-23,0.012934190283059366,0.0033228561450826806,1.9836923657236473e-09,0.0022448352497346407,0.00442792614315583,3.2102914304705444e-08,0.0035991526913188255,0.1272792016863116,0.17147708954458526,0.5739824871149356
0.0,0.0,0.0,0.0,0.0,0.0,0.0,0.0,0.0,0.0,0.0,0.0,0.0,0.0,0.0,0.0,0.0,0.0,0.0,-0.022607112064594474,-1.612900541010449e-16,-0.00027934253635567816,-0.08007135642302217,-0.0026715447571714433,-0.00659693334193491,-0.007002029028584639,-0.007177388732042556,-0.01747757418722873,-3.3574750083372996e-25,-0.014351824776317454,6.032092998326943e-05,-0.007001025917375137,-0.0107561465875022,3.515037595567862e-05,-0.007764394320299438,-0.004700991046564155,-0.22888964996673986,-0.5825557393239478
0.0,0.0,0.0,0.0,0.0,0.0,0.0,0.0,0.0,0.0,0.0,0.0,0.0,0.0,0.0,0.0,0.0,0.0,0.0,-0.05496595421049566,0.0,-4.6009314377559324e-08,-0.22508331064588327,-0.004917217202172561,-0.010833766744405133,-0.01746115985697093,-0.01584250158936868,-0.04101100297382195,0.0,-0.03647888234655403,0.0,-0.01849148536279604,-0.044133482274293014,0.0,-0.017485432931724366,-0.013293347450575886,0.0,-1.6551956572436077e-05,0.0,0.0,-0.29920011855294026,-1.996797771654215e-07,-4.025815012012548e-07,-0.04875129006089669,-9.687376822811746e-06,-0.048761369510602046,0.0,-1.9953642353634253e-07,0.0,8.952539323742792e-13,-0.06504469583279213,0.0,1.1634866082716481e-17,-0.03821307451094289
0.0,-0.024776546473161545,0.0,-2.4022333888032843e-16,-0.06859788139082428,4.9332784226827507e-11,-0.0031223893701160937,-0.007195828813297387,-3.455765404717086e-14,-0.0029574834223278185,-8.121966191641692e-27,-0.016105087905779462,0.0,-0.004653373563549063,1.375042943230373e-07,0.0,-0.00473451342883588,-0.00467345700428416,-0.1596064505177209,-0.14731821922387117,-0.5562575251449761
0.0,-0.022625600137226507,0.0,5.3622755668967656e-05,-0.0671186338382989,-0.0023580040827669902,-0.005390026844230185,-0.006460474316839578,-0.0023074648065706223,-0.013899526581961636,-2.1826039374348127e-25,-0.015771637049545432,4.3920915848690566e-05,-0.008067848806122312,-0.008785901055059603,5.8527532648550745e-05,-0.012378541643055548,-0.004302012049124735,-0.18111672571862453,-0.1952304613586943,-0.4540297263225842
0.0,0.0,0.0,0.0,0.0,0.0,0.0,0.0,0.0,0.0,0.0,0.0,0.0,0.0,0.0,0.0,0.0,0.0,0.0,-0.017477612274574787,-0.004088545884817224,-0.0086921201119198,-0.05993451506797789,-2.5788348847788385e-05,-0.0184846077587969,-6.75903956865258e-05,-6.928313813243765e-05,-0.004051304671418901,-3.240961489801351e-27,-0.009433894659644079,-0.0016680525401314475,-6.758071268131532e-05,-0.0001038287903325792,3.393056226524528e-07,-0.005662674696304976,-0.016102447032025704,-0.17217629604920742,-0.6818925308158247
0.0,0.0,0.0,0.0,0.0,0.0,0.0,0.0,0.0,0.0,0.0,0.0,0.0,0.0,0.0,0.0,0.0,0.0,0.0,-0.05496595421049566,0.0,-4.6009314377559324e-08,-0.22508331064588327,-0.004917217202172561,-0.010833766744405133,-0.01746115985697093,-0.01584250158936868,-0.04101100297382195,0.0,-0.03647888234655403,0.0,-0.01849148536279604,-0.044133482274293014,0.0,-0.017485432931724366,-0.013293347450575886,0.0,-1.6551956572436077e-05,0.0,0.0,-0.29920011855294026,-1.996797771654215e-07,-4.025815012012548e-07,-0.04875129006089669,-9.687376822811746e-06,-0.048761369510602046,0.0,-1.9953642353634253e-07,0.0,8.952539323742792e-13,-0.06504469583279213,0.0,1.1634866082716481e-17,-0.03821307451094289
0.0,-0.024776546473161545,0.0,-2.4022333888032843e-16,-0.06859788139082428,4.9332784226827507e-11,-0.0031223893701160937,-0.007195828813297387,-3.455765404717086e-14,-0.0029574834223278185,-8.121966191641692e-27,-0.016105087905779462,0.0,-0.004653373563549063,1.375042943230373e-07,0.0,-0.00473451342883588,-0.00467345700428416,-0.1596064505177209,-0.14731821922387117,-0.5562575251449761
0.0,-0.015566537700894686,-0.003996671945112949,-0.004751074616100851,-0.05009813840746526,-2.0313874776078503e-05,-0.019626475815242902,-5.565608101592033e-05,-1.9878485993069313e-05,-0.006508816595781273,-1.880282710062123e-27,-0.007368103779618206,-0.002393897492032934,-6.950338702025826e-05,-7.568930653337347e-05,5.042064930525362e-07,-0.005736159088748263,-0.016849322368215184,-0.13323745147168534,-0.16088616419602614,-0.5727387535896199
0.0,0.0,0.0,0.0,0.0,0.0,0.0,0.0,0.0,0.0,0.0,0.0,0.0,0.0,0.0,0.0,0.0,0.0,0.0,-0.034302202618325166,-3.972153320400013e-05,-8.444673176370983e-05,-0.08529456261150013,-2.505420714092237e-07,-0.00017958388667730304,-0.0018261868789432745,-0.00046300734665043804,-0.02713940363666593,-3.1486979248072005e-29,-0.004620953910998527,-1.6205664856274478e-05,-0.0016485615159594666,-0.031823160864079825,3.2964628345111196e-09,-0.007211916235047764,-0.025705469240388606,-0.22653473870217106,-0.553108626265194
0.0,0.0,0.0,0.0,0.0,0.0,0.0,0.0,0.0,0.0,0.0,0.0,0.0,0.0,0.0,0.0,0.0,0.0,0.0,-0.05135898697200267,0.0,-9.624819724007193e-10,-0.16788828209591591,-0.00010286466937177715,-0.00022663465704175341,-0.01291755960811557,-0.00033141381009003365,-0.06361934399017223,0.0,-0.013315396770002756,0.0,-0.012939113281289735,-0.06368466402539893,0.0,-0.02547035200746651,-0.08814407969530227,0.0,-0.12238512133886596,0.0,0.0,-0.12864382771567742,-4.17715822056347e-09,-8.421717266824026e-09,-0.0010198421439154804,-2.026529992447906e-07,-0.0010200529987992003,0.0,-4.174159365102716e-09,0.0,1.872807239769187e-14,-0.12374546363099254,0.0,2.4339308262704943e-19,-0.12318416529038616
0.0,-0.03638245177154873,0.0,-2.170948016698337e-18,-0.055292878330007504,4.458305782220079e-13,-2.821767877346154e-05,-0.005914059262068694,-3.1230466975078884e-16,-0.02699962220886691,-7.339988894342753e-29,-0.003996751209280163,0.0,-0.0038776741522495973,-0.024482445473384608,0.0,-0.015623830575805023,-0.03492380410275737,-0.2077276929509307,-0.2076166416622405,-0.37713298760874614
0.0,-0.029284072938635775,-3.976315890061629e-05,-4.726876198575857e-05,-0.06006406142297119,-2.021041110457224e-07,-0.00019526513239468579,-0.002585077697018532,-1.9777239866099457e-07,-0.03792241462975441,-1.8707059574830504e-29,-0.008697579171178424,-2.3817047702373348e-05,-0.0037284886111381217,-0.0390215187156109,5.016384426168831e-09,-0.011711368531515092,-0.0364512774207643,-0.2297733800863428,-0.23561996618595735,-0.30483325581581827
0.0,0.0,0.0,0.0,0.0,0.0,0.0,0.0,0.0,0.0,0.0,0.0,0.0,0.0,0.0,0.0,0.0,0.0,0.0,-0.02922742891978008,-3.977757589828648e-06,-0.0002747434270769792,-0.10558471363452224,-2.508955585881232e-08,-0.003303413874153032,-0.0017591927821997144,-4.6366059885617254e-05,-0.02024962225508099,-3.1531403896610564e-30,-0.02148235202373143,-1.6228529258727975e-06,-0.0001650887454099282,-0.0364639046934861,3.301113779325153e-10,-0.004831805326984615,-0.005418624785864783,-0.2952511759688407,-0.47592568311734745
0.0,0.0,0.0,0.0,0.0,0.0,0.0,0.0,0.0,0.0,0.0,0.0,0.0,0.0,0.0,0.0,0.0,0.0,0.0,-0.05135898697200267,0.0,-9.624819724007193e-10,-0.16788828209591591,-0.00010286466937177715,-0.00022663465704175341,-0.01291755960811557,-0.00033141381009003365,-0.06361934399017223,0.0,-0.013315396770002756,0.0,-0.012939113281289735,-0.06368466402539893,0.0,-0.02547035200746651,-0.08814407969530227,0.0,-0.12238512133886596,0.0,0.0,-0.12864382771567742,-4.17715822056347e-09,-8.421717266824026e-09,-0.0010198421439154804,-2.026529992447906e-07,-0.0010200529987992003,0.0,-4.174159365102716e-09,0.0,1.872807239769187e-14,-0.12374546363099254,0.0,2.4339308262704943e-19,-0.12318416529038616
0.0,-0.027209334031209072,0.0,-1.5524002141417043e-19,-0.07214140306068201,3.188042642105031e-14,-0.0019682551226446183,-0.0016493801662063772,-2.2332263714721012e-17,-0.020466026660555758,-5.248674884765217e-30,-0.021554663691821786,0.0,-0.00027728449221363783,-0.017971580270658934,0.0,-0.005896221100253608,-0.0037238072716223726,-0.17287268351357338,-0.1824373368026543,-0.47182469425198
0.0,-0.022645707624502603,-2.895577018971912e-06,-3.442139525768265e-06,-0.06731103254016872,-1.4717342272690292e-08,-0.0039295391429751475,-0.0018708569817719484,-1.4401904385439854e-08,-0.022040383278114452,-1.36225926951136e-30,-0.026830103256394386,-1.7343716619476408e-06,-0.0002715107711863081,-0.03410927224560844,3.652961149049438e-10,-0.004810769513183368,-0.0054350654987572605,-0.1892624153882929,-0.2342013335530991,-0.38726648378788536
0.0,0.0,0.0,0.0,0.0,0.0,0.0,0.0,0.0,0.0,0.0,0.0,0.0,0.0,0.0,0.0,0.0,0.0,0.0,0.025652414468826237,-6.293576013388523e-09,-4.3469683695891584e-07,0.08641558172643643,-3.969649315568139e-11,0.001879007478618057,0.005071429423632416,0.002219165690506556,0.019802836883107636,-4.98887332248726e-33,0.015871621092753755,0.00035107079233900163,-2.612020830150903e-07,0.02374163344204704,5.222995627524419e-13,-7.64484346281726e-06,0.0185818502003347,0.24695200569106288,0.5534528736513002
0.0,0.0,0.0,0.0,0.0,0.0,0.0,0.0,0.0,0.0,0.0,0.0,0.0,0.0,0.0,0.0,0.0,0.0,0.0,-0.05135898697200267,0.0,-9.624819724007193e-10,-0.16788828209591591,-0.00010286466937177715,-0.00022663465704175341,-0.01291755960811557,-0.00033141381009003365,-0.06361934399017223,0.0,-0.013315396770002756,0.0,-0.012939113281289735,-0.06368466402539893,0.0,-0.02547035200746651,-0.08814407969530227,0.0,-0.12238512133886596,0.0,0.0,-0.12864382771567742,-4.17715822056347e-09,-8.421717266824026e-09,-0.0010198421439154804,-2.026529992447906e-07,-0.0010200529987992003,0.0,-4.174159365102716e-09,0.0,1.872807239769187e-14,-0.12374546363099254,0.0,2.4339308262704943e-19,-0.12318416529038616
0.0,0.016236136638364117,0.0,-1.897401958061591e-22,0.06586481811814664,3.8965456822346073e-17,0.0011664918211233821,0.003487282995901387,0.001168897496599107,0.01665123523005585,-6.415127950164774e-33,0.012743214554552797,0.0,-3.3890754051277536e-07,0.018981928473225763,0.0,-7.206583301697522e-06,0.01805446527460624,0.19498466748592225,0.17879307782003323,0.47186010994403443
0.0,0.020435816735456844,-4.0854014673713144e-09,-4.856552520389677e-09,0.06846323216788518,-2.0764860103083302e-11,0.003745603259498032,0.00533893731349046,0.004459623009053234,0.017821838933283336,-1.9220265881851392e-33,0.019289650057826103,-2.447044055904233e-09,-3.830775336811791e-07,0.020708526772386496,5.154003067711782e-13,-6.787567624543015e-06,0.017550048147557597,0.19561837138398253,0.21699332631633417,0.40956769993488745
0.0,0.0,0.0,0.0,0.0,0.0,0.0,0.0,0.0,0.0,0.0,0.0,0.0,0.0,0.0,0.0,0.0,0.0,0.0,0.03983287219105628,-1.147614080662662e-11,-7.926562098436937e-10,0.08663004603084148,-7.238532497498356e-14,3.4263119020811067e-06,0.008575470877617012,0.007364463210710247,0.009068787465433633,-9.097055885793826e-36,0.0021647487947374223,6.401667092612324e-07,-4.762939030669495e-10,0.027979014698231677,9.523970652988615e-16,0.00706775538482655,0.02801254249611581,0.23218389373665763,0.5511161506661678
0.0,0.0,0.0,0.0,0.0,0.0,0.0,0.0,0.0,0.0,0.0,0.0,0.0,0.0,0.0,0.0,0.0,0.0,0.0,-0.05135898697200267,0.0,-9.624819724007193e-10,-0.16788828209591591,-0.00010286466937177715,-0.00022663465704175341,-0.01291755960811557,-0.00033141381009003365,-0.06361934399017223,0.0,-0.013315396770002756,0.0,-0.012939113281289735,-0.06368466402539893,0.0,-0.02547035200746651,-0.08814407969530227,0.0,-0.12238512133886596,0.0,0.0,-0.12864382771567742,-4.17715822056347e-09,-8.421717266824026e-09,-0.0010198421439154804,-2.026529992447906e-07,-0.0010200529987992003,0.0,-4.174159365102716e-09,0.0,1.872807239769187e-14,-0.12374546363099254,0.0,2.4339308262704943e-19,-0.12318416529038616
0.0,0.04441272546718813,0.0,-2.9603226808301374e-25,0.07111553652707628,6.079382658482228e-20,1.8199581698557042e-06,0.0024228678812208706,0.0016069624497738685,0.014607115371543147,-1.0008869596983772e-35,0.0008169362578640257,0.0,-5.287628562949766e-10,0.017286976326567893,0.0,0.006692922090484764,0.02652711158289123,0.1911337565499297,0.18552911422181595,0.43784599403904195
0.0,0.043868400115430875,-6.975922865906522e-12,-8.292682138350804e-12,0.0698718147955907,-3.5456506186074534e-14,6.395709120200277e-06,0.008933349954741243,0.004881681546998852,0.010723941716519662,-3.2819073798463496e-36,0.0026720789977353956,-4.1783875390945745e-12,-6.541142524093415e-10,0.026454539998617743,8.800586218552699e-16,0.009892950014221065,0.026025642512893212,0.21954913544783433,0.22363411767229655,0.35348577667690956
0.0,0.0,0.0,0.0,0.0,0.0,0.0,0.0,0.0,0.0,0.0,0.0,0.0,0.0,0.0,0.0,0.0,0.0,0.0,-0.04640275081462906,-1.3298676574506803e-12,-9.185386226177064e-11,-0.07940717048073727,-8.38809005399297e-15,3.9704474349817334e-07,0.0009937348765334038,0.0008534019931816954,-0.01440530149668943,-1.0541767136172573e-36,-0.015791572812932104,7.418321336137336e-08,-0.002930033031335451,-0.018618304026189657,1.1036480603832893e-16,0.0008190191681533205,-0.016620065530130637,-0.2280604809936025,-0.5750856596496726
0.0,0.0,0.0,0.0,0.0,0.0,0.0,0.0,0.0,0.0,0.0,0.0,0.0,0.0,0.0,0.0,0.0,0.0,0.0,-0.08249577943533057,0.0,-3.4625909994694833e-10,-0.16709731357694846,-3.700622853659317e-05,-8.153328022167973e-05,-0.004647175419047682,-0.00011922825661402295,-0.054896995741883406,0.0,-0.02612998406519057,0.0,-0.015324771572109219,-0.05492049504603108,0.0,-0.009163123481096706,-0.0850596118167897,0.0,-0.2040764682876199,0.0,0.0,-0.20632807829072625,-1.502759622791271e-09,-3.0297671275281554e-09,-0.0003668947917635579,-7.290572408855058e-08,-0.0003669706481685087,0.0,-1.5016807651892717e-09,0.0,6.737544887195258e-15,-0.04451822900382179,0.0,8.75622319590496e-20,-0.04431629830403393
0.0,-0.04521684049655851,0.0,-3.5870752423642146e-26,-0.067158124527305,7.366495269017342e-21,2.2052754368646055e-07,0.0002935831775544712,0.0001947184763444896,-0.029823462158292263,-1.2127923948251659e-36,9.898960826635171e-05,0.0,-6.407112856918756e-11,-0.016910283287583747,0.0,0.000810993182780942,-0.028379095178446282,-0.1854055547439826,-0.18608467914713198,-0.4396072991888039
0.0,-0.05410624668692113,-9.771007992940936e-13,-1.1615361152106819e-12,-0.06613942763027532,-4.966307856399638e-15,8.958316503099872e-07,0.0012512729210083112,0.0006837654362240368,-0.01878802072438117,-4.596889021995136e-37,-0.01579408472266889,-5.852567298533691e-13,-0.0020345781038382795,-0.011476765881759901,1.2326770226245872e-16,0.0013856818018322175,-0.02725234177047428,-0.18999818540645205,-0.23519049029522673,-0.3758835993532644
0.0,0.0,0.0,0.0,0.0,0.0,0.0,0.0,0.0,0.0,0.0,0.0,0.0,0.0,0.0,0.0,0.0,0.0,0.0,0.03346395495038564,-1.3150750510336404e-12,-9.083213801371423e-11,0.07915336438585166,-8.294786247359113e-15,3.926282689808654e-07,0.000982681198500792,0.016618983684299208,0.00400504939876762,-1.0424507188303458e-36,-0.015615917348255617,7.335804623150293e-08,-0.0028974411977205506,0.00038065301800882696,1.0913717776353692e-16,0.0010911422490171463,0.04000457869409225,0.12104218527374509,0.6846403953959944
0.0,0.0,0.0,0.0,0.0,0.0,0.0,0.0,0.0,0.0,0.0,0.0,0.0,0.0,0.0,0.0,0.0,0.0,0.0,-0.08249577943533057,0.0,-3.4625909994694833e-10,-0.16709731357694846,-3.700622853659317e-05,-8.153328022167973e-05,-0.004647175419047682,-0.00011922825661402295,-0.054896995741883406,0.0,-0.02612998406519057,0.0,-0.015324771572109219,-0.05492049504603108,0.0,-0.009163123481096706,-0.0850596118167897,0.0,-0.2040764682876199,0.0,0.0,-0.20632807829072625,-1.502759622791271e-09,-3.0297671275281554e-09,-0.0003668947917635579,-7.290572408855058e-08,-0.0003669706481685087,0.0,-1.5016807651892717e-09,0.0,6.737544887195258e-15,-0.04451822900382179,0.0,8.75622319590496e-20,-0.04431629830403393
0.0,-0.10500697840320572,0.0,-1.0978551020703374e-25,0.029263769447587868,2.2545789728507013e-20,6.749434361562172e-07,0.0008985364609964653,0.0012792658242307164,-0.11529862153851458,-3.7118550028890634e-36,0.00030296617479239307,0.0,-1.9609517682914846e-10,-0.03913878258773633,0.0,0.0024821140993783394,-0.05656591103932463,-0.27969030362990055,-0.2817688220343448,0.08797919161020672
0.0,-0.05739582324730495,-1.1714421929508163e-12,-1.3925609466054996e-12,-0.041232440142333286,-5.9540863853275764e-15,1.0740089392128521e-06,0.0015001460398199576,0.005454325079548204,-0.025937984765518507,-5.511191640174583e-37,-0.01893546423924829,-7.016619242906783e-13,-0.0024392474526803254,-0.020333753340528962,1.4778514925242654e-16,0.0016612883029499983,-0.06716740785094907,-0.22210179868579924,-0.2762826700776297,-0.259431237641226
0.0,0.0,0.0,0.0,0.0,0.0,0.0,0.0,0.0,0.0,0.0,0.0,0.0,0.0,0.0,0.0,0.0,0.0,0.0,0.02761775687568575,-2.3363563154731704e-15,-1.6137196058085903e-13,0.10450771720022506,-1.4736479274916846e-17,6.975415852849897e-10,1.7458269187066634e-06,2.9525210334603778e-05,0.01824652629223503,-1.852013174909303e-39,0.008183362216918398,0.005063847956796649,0.010163842034045217,0.021221132559249067,1.9389261040298974e-19,1.938518324537507e-06,0.026574480211741653,0.24294306506459937,0.5354448759447253
0.0,0.0,0.0,0.0,0.0,0.0,0.0,0.0,0.0,0.0,0.0,0.0,0.0,0.0,0.0,0.0,0.0,0.0,0.0,0.038247628202817956,0.0,-1.3828942852070733e-12,0.21310924032395295,-1.4779597696685066e-07,-3.256287193319193e-07,-1.8559952158197322e-05,-4.7617542681765387e-07,0.05322490059432199,0.0,0.01771035803550193,0.017814716319924893,0.0355682283594932,0.053224806742482665,0.0,-3.6595806719872054e-05,0.07091915304946102,0.0,0.14971224530924154,0.0,0.0,0.2249684694135678,-6.001741744018825e-12,-1.210032500751281e-11,-1.4653093907995503e-06,-2.911718687433411e-10,-1.4656123471375033e-06,0.0,-5.99743298790935e-12,0.0,2.690849806476133e-17,-0.0001777975062210853,0.0,3.497072284734131e-22,0.12526294028799353
0.0,0.011652735254015433,0.0,-1.37586014449013e-28,0.07446583360083477,2.825496138334689e-23,8.458564084106816e-10,1.1260689163122746e-06,1.603208709827167e-06,0.021284524796543077,-4.65179179927349e-39,0.0016066653671089521,0.008039699448703967,0.008039699448458216,0.004771143632929713,0.0,3.1106489890802323e-06,0.027256808080175547,0.15712557298036495,0.16837624909811155,0.5173750932461084
0.0,0.02397876943318474,-1.8817441828269254e-15,-2.236937918298863e-15,0.0733927341472342,-9.5643365819158e-18,1.7252324406866856e-09,2.4097570505901834e-06,8.761545854715318e-06,0.02091682970184529,-8.85289335807483e-40,0.007897304555226492,0.006010801732175514,0.009842447258205163,0.02131036081387897,2.373944242297225e-19,2.6686076520771376e-06,0.03871211568261794,0.20207957983197616,0.22391430565695972,0.3719307445745894
0.0,0.0,0.0,0.0,0.0,0.0,0.0,0.0,0.0,0.0,0.0,0.0,0.0,0.0,0.0,0.0,0.0,0.0,0.0,0.03516636273542418,-4.158370531535638e-18,-2.8721834980880113e-16,0.0830597906044349,-2.6228765171458537e-20,1.2415214038883896e-12,3.107315080251861e-09,5.2550530832854795e-08,0.03979366258860559,-3.296310994840226e-42,1.4565180861474814e-05,9.01290440172244e-06,1.8090143580259994e-05,0.03420809380751099,3.4510032225928755e-22,0.002296666320398106,0.02235085688387645,0.216955123207318,0.5661275362377511
0.0,0.0,0.0,0.0,0.0,0.0,0.0,0.0,0.0,0.0,0.0,0.0,0.0,0.0,0.0,0.0,0.0,0.0,0.0,0.038247628202817956,0.0,-1.3828942852070733e-12,0.21310924032395295,-1.4779597696685066e-07,-3.256287193319193e-07,-1.8559952158197322e-05,-4.7617542681765387e-07,0.05322490059432199,0.0,0.01771035803550193,0.017814716319924893,0.0355682283594932,0.053224806742482665,0.0,-3.6595806719872054e-05,0.07091915304946102,0.0,0.14971224530924154,0.0,0.0,0.2249684694135678,-6.001741744018825e-12,-1.210032500751281e-11,-1.4653093907995503e-06,-2.911718687433411e-10,-1.4656123471375033e-06,0.0,-5.99743298790935e-12,0.0,2.690849806476133e-17,-0.0001777975062210853,0.0,3.497072284734131e-22,0.12526294028799353
0.0,0.03971009996795303,0.0,-2.1949994301423867e-31,0.05949339231507673,4.507698284851835e-26,1.3494499000345536e-12,1.7964911909869113e-09,2.557703425426309e-09,0.04364837564438747,-7.421306874420904e-42,2.5632180562513254e-06,1.2826256926688572e-05,1.2826256926296506e-05,0.023819208217180893,0.0,4.962621226981172e-09,0.02781213658506702,0.19451144196371123,0.19452939090115667,0.416447547027938
0.0,0.02877297705975717,-3.465727525513386e-18,-4.1199103401325815e-18,0.06578250210289044,-1.7615244865762376e-20,3.1774699303781124e-12,4.438202289263297e-09,1.613669430300424e-08,0.052508687124592446,-1.630493478950032e-42,1.4544966326556244e-05,1.1070474511741988e-05,1.8127458924799446e-05,0.04291099464716896,4.372243570432357e-22,0.001662948774065292,0.033383181529546814,0.22506506277333685,0.22510527717176276,0.3247644143413585
0.0,0.0,0.0,0.0,0.0,0.0,0.0,0.0,0.0,0.0,0.0,0.0,0.0,0.0,0.0,0.0,0.0,0.0,0.0,-0.03655512137969154,-7.37126937418469e-19,-5.0913303891359506e-17,-0.09072805179025503,-4.649400335175434e-21,2.200763167321141e-13,-0.011697742990671606,9.315286254260795e-09,-0.01427623136836408,-5.843153249520805e-43,-0.00797501682626339,1.5976581616534484e-06,3.206720525179624e-06,-0.02042310122941427,6.117365966307355e-23,0.00014137574429524635,-0.017234220153749258,-0.22654287408800336,-0.5744030153405353
0.0,0.0,0.0,0.0,0.0,0.0,0.0,0.0,0.0,0.0,0.0,0.0,0.0,0.0,0.0,0.0,0.0,0.0,0.0,0.038247628202817956,0.0,-1.3828942852070733e-12,0.21310924032395295,-1.4779597696685066e-07,-3.256287193319193e-07,-1.8559952158197322e-05,-4.7617542681765387e-07,0.05322490059432199,0.0,0.01771035803550193,0.017814716319924893,0.0355682283594932,0.053224806742482665,0.0,-3.6595806719872054e-05,0.07091915304946102,0.0,0.14971224530924154,0.0,0.0,0.2249684694135678,-6.001741744018825e-12,-1.210032500751281e-11,-1.4653093907995503e-06,-2.911718687433411e-10,-1.4656123471375033e-06,0.0,-5.99743298790935e-12,0.0,2.690849806476133e-17,-0.0001777975062210853,0.0,3.497072284734131e-22,0.12526294028799353
0.0,-0.031007581735825514,0.0,-3.1235392826081454e-32,-0.07138997492063615,6.414567800578753e-27,1.9203010783452172e-13,-0.0015726968364688926,3.639676171607137e-10,-0.0102575501760458,-1.0560705953823351e-42,-0.009030143341136478,1.825208554005762e-06,1.8252085539499696e-06,-0.012319568396087686,0.0,7.061934565593574e-10,-0.02367294538388133,-0.1592468087072311,-0.1929281645830874,-0.4885559726685933
0.0,-0.039612386687242394,-7.984503882940616e-19,-9.491640605325126e-19,-0.07076109860214295,-4.058281846862576e-21,7.320402660123404e-13,-0.00889656643453906,3.7176465077437762e-09,-0.01343500137496306,-3.756406531658138e-43,-0.014690242047598747,2.550467284986729e-06,4.176288098455384e-06,-0.020853569881043834,1.0072977609544752e-22,0.000383117854646949,-0.01988670315137247,-0.2190102374652077,-0.22265628927058892,-0.369784469758035
0.0,0.0,0.0,0.0,0.0,0.0,0.0,0.0,0.0,0.0,0.0,0.0,0.0,0.0,0.0,0.0,0.0,0.0,0.0,0.02119091222021301,-1.0306454022550415e-21,0.008096757399027023,0.06660804459455248,-6.500756973383057e-24,0.014708938394077825,0.0013354624033767996,0.0007899038496791989,0.01488140423869016,-8.169853420878854e-46,0.010634269205385516,2.2338337606411205e-09,0.0012333083135439536,0.011517065579606904,8.55325560230731e-26,0.004787251246148904,0.0010362186724934422,0.18507963331196375,0.6581006849330417
0.0,0.0,0.0,0.0,0.0,0.0,0.0,0.0,0.0,0.0,0.0,0.0,0.0,0.0,0.0,0.0,0.0,0.0,0.0,0.0464745003832797,0.0,0.0347270629736794,0.15144089978338154,-6.636731096513064e-10,0.05787843682725066,0.011575604315023384,0.011575685519644673,0.04654175534614242,0.0,0.04638227842815336,7.999641411249143e-05,0.011735405650255897,0.023390379608913325,0.0,0.03472689864138547,0.023469835505330813,0.0,0.0006722780513812572,0.0,0.0,0.4987647830093346,-2.695062943066728e-14,-5.433612260859239e-14,-6.579924974624438e-09,-1.3074979680618636e-12,-6.581285390374746e-09,0.0,-2.693128109910514e-14,0.0,1.2083175031680194e-19,-7.983940176427225e-07,0.0,1.5703491296014505e-24,0.0005624892288079312
0.0,0.027994276089056656,0.0,0.012753781079382206,0.04367646835385944,8.089699789748499e-30,0.014065681128782388,-1.983398673589923e-06,4.590159224374603e-13,0.014672588328760247,-1.3318580984759767e-45,0.01168991093320788,2.301852551040986e-09,2.301852550970624e-09,0.006733381747862606,0.0,0.009691706296190464,-2.9855015528471573e-05,0.14124596014781482,0.1648505353479074,0.5525937344079539
0.0,0.02974964057421228,-1.1910664642222725e-21,0.008507417138273165,0.05845100050505237,-6.053830621195525e-24,0.013304093960806713,0.0009381150449801263,5.54569719812809e-12,0.019273063386837378,-5.6035164005652985e-46,0.013937916545894954,3.804589609799197e-09,0.001589904380590848,0.014253301327795767,1.5026088034378902e-25,0.0064947686646654925,-2.9665443908356713e-05,0.16642292190880997,0.19029606676214705,0.4767519671115688
0.0,0.0,0.0,0.0,0.0,0.0,0.0,0.0,0.0,0.0,0.0,0.0,0.0,0.0,0.0,0.0,0.0,0.0,0.0,0.023805324413980464,0.0009485640241019307,0.0025828981763715724,0.07891428340046668,0.005084800772278599,0.005109136346117326,2.207928788549178e-06,1.3059532379815292e-06,0.02268704872560695,-1.3507272477738084e-48,0.016292157658321538,3.693212071325529e-12,2.0390367589123553e-06,0.0003156038726258686,1.4141153829865978e-28,0.0014480890255701602,0.01870785621051537,0.22399589582580706,0.6001026191618326
0.0,0.0,0.0,0.0,0.0,0.0,0.0,0.0,0.0,0.0,0.0,0.0,0.0,0.0,0.0,0.0,0.0,0.0,0.0,0.0464745003832797,0.0,0.0347270629736794,0.15144089978338154,-6.636731096513064e-10,0.05787843682725066,0.011575604315023384,0.011575685519644673,0.04654175534614242,0.0,0.04638227842815336,7.999641411249143e-05,0.011735405650255897,0.023390379608913325,0.0,0.03472689864138547,0.023469835505330813,0.0,0.0006722780513812572,0.0,0.0,0.4987647830093346,-2.695062943066728e-14,-5.433612260859239e-14,-6.579924974624438e-09,-1.3074979680618636e-12,-6.581285390374746e-09,0.0,-2.693128109910514e-14,0.0,1.2083175031680194e-19,-7.983940176427225e-07,0.0,1.5703491296014505e-24,0.0005624892288079312
0.0,5.233419742668437e-05,0.03992520662847952,2.3842691799628955e-05,0.07993206469564813,1.5123375384756074e-32,2.6295237311824754e-05,-3.7078857631205403e-09,8.581122023092536e-16,0.07987784308339624,-2.4898562994889358e-48,2.1853828430234398e-05,4.303222754182512e-12,4.303222754050973e-12,1.2587792183689552e-05,0.0,1.8118263501178588e-05,-5.581277657879988e-08,0.19989008690612348,0.19993421473049605,0.4002851185238049
0.0,0.023491523086245667,-1.8418386683777027e-24,0.002147250854318257,0.06061034114171059,0.004245694053749428,0.00424852697600352,1.4506802240960743e-06,8.575742705757222e-15,0.026662576588724108,-8.665153033411051e-49,0.017065313028975612,5.88333268640203e-12,2.458592744534569e-06,2.2040987909701065e-05,2.323600807133619e-28,0.0021398511829691805,0.024491043696038096,0.16512799875556042,0.21284771541713784,0.45689605532570765
0.0,0.0,0.0,0.0,0.0,0.0,0.0,0.0,0.0,0.0,0.0,0.0,0.0,0.0,0.0,0.0,0.0,0.0,0.0,0.025282164202360076,0.0007736009576270185,5.07221652517128e-06,0.0800151826311632,9.985376404030932e-06,0.0013968872593846104,0.015078293372602506,0.013857881577042052,0.03382533021584216,-2.65251690129802e-51,0.006274376111962281,7.252617029392539e-15,0.01019581369983563,0.0103420569165105,2.7769965845729442e-31,0.006217572890011713,0.006308042507758138,0.22490209517658044,0.5655154437217569
0.0,0.0,0.0,0.0,0.0,0.0,0.0,0.0,0.0,0.0,0.0,0.0,0.0,0.0,0.0,0.0,0.0,0.0,0.0,0.06805732575016823,0.0,0.00016096086612638356,0.1707535071443979,-3.076142622116663e-12,0.0002682681034332337,0.031282329301850056,0.031030558452124893,0.08801465640741359,0.0,0.016242046271242677,3.707855199937516e-07,0.02595257360207582,0.035625940005389115,0.0,0.010857526890811686,0.021753688114434823,0.0,0.12443834410964641,0.0,0.0,0.18000787666703114,-1.2491688856899006e-16,-2.518493822428125e-16,0.06223214553756045,-6.060288068623443e-15,0.03555107606939383,0.0,-1.2482720853446758e-16,0.0,5.600583959922102e-22,0.06218803850379691,0.0,7.27861023585667e-27,0.03558227080449006
0.0,0.010219596566872702,6.792001816435251e-05,4.0560743371649995e-08,0.06541025500727267,2.5727604628256175e-35,4.473296813399893e-08,0.016276967622797713,0.002597359535425903,0.04894067289969479,-4.235697179016862e-51,0.0025973966902330583,7.32056242937125e-15,0.010966700743251203,0.021288098582593264,0.0,0.0037032393155012155,-9.494765635930288e-11,0.2466263383401571,0.20787180825679333,0.36343337876314263
0.0,0.017597665378164276,0.0012430719745382317,3.619981314083567e-06,0.054022793771105145,7.157679368938153e-06,0.0027612379884599824,0.01537506829416291,0.007132660478451589,0.029203472297547044,-1.4608303450684427e-51,0.008501531095913591,9.918521791006257e-15,0.010134847842678872,0.019934851765677913,3.91728404079912e-31,0.008156985891490913,0.006222936843603827,0.2391213237287137,0.2081900897353753,0.37239051375996374
0.0,0.0,0.0,0.0,0.0,0.0,0.0,0.0,0.0,0.0,0.0,0.0,0.0,0.0,0.0,0.0,0.0,0.0,0.0,0.032917430977762646,1.3777785174756446e-06,9.033586237796922e-09,0.09238583416669487,1.7783893572964126e-08,2.4878475631922184e-06,2.6854347172335453e-05,0.003481872984351357,0.03945229482419787,-4.724116183955768e-54,0.001437622672626093,1.2916866040634898e-17,0.0011885340644199032,0.03814786537512139,4.945813729424747e-34,1.1073458834609263e-05,0.013334978858479358,0.22241553870496686,0.555196022661739
0.0,0.0,0.0,0.0,0.0,0.0,0.0,0.0,0.0,0.0,0.0,0.0,0.0,0.0,0.0,0.0,0.0,0.0,0.0,0.06805732575016823,0.0,0.00016096086612638356,0.1707535071443979,-3.076142622116663e-12,0.0002682681034332337,0.031282329301850056,0.031030558452124893,0.08801465640741359,0.0,0.016242046271242677,3.707855199937516e-07,0.02595257360207582,0.035625940005389115,0.0,0.010857526890811686,0.021753688114434823,0.0,0.12443834410964641,0.0,0.0,0.18000787666703114,-1.2491688856899006e-16,-2.518493822428125e-16,0.06223214553756045,-6.060288068623443e-15,0.03555107606939383,0.0,-1.2482720853446758e-16,0.0,5.600583959922102e-22,0.06218803850379691,0.0,7.27861023585667e-27,0.03558227080449006
0.0,0.028251505815952958,1.167069120982803e-07,6.96954924225938e-11,0.05358501164172924,4.420772215613303e-38,7.686462284619669e-11,2.7968700258349215e-05,0.0032133706125285814,0.06629281104687172,-7.278195025658933e-54,0.006928300107915088,1.2578916482136805e-17,0.001444763732780941,0.03805393097711981,0.0,6.363273110841583e-06,0.017217678413807905,0.2151327512138782,0.2150661593362833,0.3547790924483273
0.0,0.020339143547047394,2.3391522801223875e-06,6.81190447398231e-09,0.060389316749134225,1.3468972319528145e-08,5.195963121174898e-06,2.893205445379659e-05,0.0034095419106299598,0.07313528928787079,-2.748919372756501e-54,0.0067368523069834384,1.8664191083138516e-17,0.0010651426303332065,0.05225534049302717,7.3713542607427515e-34,1.534941864818001e-05,0.018231728776414408,0.23572488362134558,0.23566667873216415,0.29299405271887197
0.0,0.0,0.0,0.0,0.0,0.0,0.0,0.0,0.0,0.0,0.0,0.0,0.0,0.0,0.0,0.0,0.0,0.0,0.0,-0.027014055650136242,1.099687506637221e-08,7.210245913861715e-11,-0.07544359835137142,-0.006757388670539668,-0.0035728295677089944,2.1434061940828557e-07,-0.007103637354376299,-0.021097471165222727,-3.7705999052134994e-56,-0.014195046405633098,1.0309723972049002e-19,9.486401807527326e-06,-0.021070533446242205,3.947549986748418e-36,8.838390337216616e-08,-0.02118595333891638,-0.2201630498029163,-0.5823858157206631
0.0,0.0,0.0,0.0,0.0,0.0,0.0,0.0,0.0,0.0,0.0,0.0,0.0,0.0,0.0,0.0,0.0,0.0,0.0,0.06805732575016823,0.0,0.00016096086612638356,0.1707535071443979,-3.076142622116663e-12,0.0002682681034332337,0.031282329301850056,0.031030558452124893,0.08801465640741359,0.0,0.016242046271242677,3.707855199937516e-07,0.02595257360207582,0.035625940005389115,0.0,0.010857526890811686,0.021753688114434823,0.0,0.12443834410964641,0.0,0.0,0.18000787666703114,-1.2491688856899006e-16,-2.518493822428125e-16,0.06223214553756045,-6.060288068623443e-15,0.03555107606939383,0.0,-1.2482720853446758e-16,0.0,5.600583959922102e-22,0.06218803850379691,0.0,7.27861023585667e-27,0.03558227080449006
0.0,-0.031158614014746285,8.194264443067411e-10,4.893483043400225e-13,-0.05238306228889507,-0.012734204967764022,-0.0065757751801910295,1.9637476643440244e-07,-0.0027702050345197664,-0.017739721804113186,-5.110190445124966e-56,-0.011988363900343262,8.831950585333595e-20,1.0144023067109037e-05,-0.015183776204820134,0.0,4.467802433996923e-08,-0.021531322888440427,-0.17205388152239298,-0.1849917567209479,-0.47087820144916603
0.0,-0.028995658324390657,1.838653576009531e-08,5.3543895482801144e-11,-0.056116963348238846,-0.0090795589918066,-0.0030139956894205044,2.2741582852396565e-07,-0.008410869361883679,-0.02504599917799414,-2.1607445046784957e-56,-0.01952463770694382,1.4670691587698732e-19,8.372384828746091e-06,-0.01932660693514317,5.7941361863104626e-36,1.2065167251816107e-07,-0.021811597206398217,-0.19131627778035123,-0.2113458377415188,-0.4060024526546283
0.0,0.0,0.0,0.0,0.0,0.0,0.0,0.0,0.0,0.0,0.0,0.0,0.0,0.0,0.0,0.0,0.0,0.0,0.0,0.03518571471580697,0.006559854341136976,1.4322550316902512e-13,0.088450624820096,-1.342298728793781e-05,0.0004607208982390726,0.011530799960141303,-1.4110781332087887e-05,0.038124221236539683,-7.489981272830682e-59,-2.819727216301785e-05,2.0479404184976298e-22,1.8843943582209282e-08,0.0220022653656814,7.841477806602371e-39,1.7556723007441905e-10,0.006798175015196361,0.20901150844787916,0.5818201591401142
0.0,0.0,0.0,0.0,0.0,0.0,0.0,0.0,0.0,0.0,0.0,0.0,0.0,0.0,0.0,0.0,0.0,0.0,0.0,0.06805732575016823,0.0,0.00016096086612638356,0.1707535071443979,-3.076142622116663e-12,0.0002682681034332337,0.031282329301850056,0.031030558452124893,0.08801465640741359,0.0,0.016242046271242677,3.707855199937516e-07,0.02595257360207582,0.035625940005389115,0.0,0.010857526890811686,0.021753688114434823,0.0,0.12443834410964641,0.0,0.0,0.18000787666703114,-1.2491688856899006e-16,-2.518493822428125e-16,0.06223214553756045,-6.060288068623443e-15,0.03555107606939383,0.0,-1.2482720853446758e-16,0.0,5.600583959922102e-22,0.06218803850379691,0.0,7.27861023585667e-27,0.03558227080449006
0.0,0.02977960008624574,0.009291371463342402,7.450519553385463e-16,0.06907385524703548,-1.938832571149966e-05,-1.0011875207119849e-05,0.01017099943738414,-4.217745641197743e-06,0.02859057709488959,-7.780465058375229e-59,-1.8252753480585156e-05,1.3446990609134585e-22,1.5444672340986323e-08,0.01208943556589554,0.0,6.802404156698077e-11,0.0013157948957911198,0.1886446205443632,0.16024008136748102,0.4907516168748058
0.0,0.042178339049603185,0.010728821218073063,1.0547872393809887e-13,0.06703947161029562,-1.7886264862519667e-05,-5.937416700978017e-06,0.015422176812135646,-1.656898063732605e-05,0.04851141255320318,-4.256555692384299e-59,-3.846253344311923e-05,2.89005089003455e-22,1.6493168083717393e-08,0.019213622244558103,1.1414150684122342e-38,2.376775978561513e-10,0.0035852685045225266,0.25139408807566116,0.20656081803734083,0.3352869076489625
0.0,0.0,0.0,0.0,0.0,0.0,0.0,0.0,0.0,0.0,0.0,0.0,0.0,0.0,0.0,0.0,0.0,0.0,0.0,0.03218132332291113,1.1119767510759173e-05,2.427850092438212e-16,0.0864218214895354,-2.2753629910001e-08,7.809791207770431e-07,0.0033822531838734243,-2.391952620411112e-08,0.02033347423660661,-1.2696448134758687e-61,0.009073716366406314,3.471513260099837e-25,3.194282383771824e-11,0.045092198679691234,1.329227839761502e-41,2.9760825155717273e-13,0.015053540780345008,0.22780859893984243,0.5606409495166369
0.0,0.0,0.0,0.0,0.0,0.0,0.0,0.0,0.0,0.0,0.0,0.0,0.0,0.0,0.0,0.0,0.0,0.0,0.0,0.06805732575016823,0.0,0.00016096086612638356,0.1707535071443979,-3.076142622116663e-12,0.0002682681034332337,0.031282329301850056,0.031030558452124893,0.08801465640741359,0.0,0.016242046271242677,3.707855199937516e-07,0.02595257360207582,0.035625940005389115,0.0,0.010857526890811686,0.021753688114434823,0.0,0.12443834410964641,0.0,0.0,0.18000787666703114,-1.2491688856899006e-16,-2.518493822428125e-16,0.06223214553756045,-6.060288068623443e-15,0.03555107606939383,0.0,-1.2482720853446758e-16,0.0,5.600583959922102e-22,0.06218803850379691,0.0,7.27861023585667e-27,0.03558227080449006
0.0,0.03473937766688943,1.3847206597739646e-05,1.1103730372126814e-18,0.062389862358680166,-2.8894997124011722e-08,-1.492099470683566e-08,0.0022208582442442798,-6.285831483630214e-09,0.028742009507593813,-1.1595457948794516e-61,0.010520117068772736,2.0040449121767025e-25,2.3017653484612545e-11,0.03995256054360943,0.0,1.0137824764702331e-13,0.007561904169821098,0.18618278945972203,0.2015705350572467,0.4261059333492059
0.0,0.028764318048201388,1.7798348792416788e-05,1.7498167605466966e-16,0.07269519216291048,-2.967203704358585e-08,-9.849750613041462e-09,0.002851381202750081,-2.748675651535319e-08,0.03391794648555566,-7.061322145976593e-62,0.009012812138852728,4.794388192620849e-25,2.7360988898898036e-11,0.04413594403849488,1.8935261471502003e-41,3.9429017417696577e-13,0.016234569699074296,0.21397720792475347,0.2264527504210042,0.3519398415733902
0.0,0.0,0.0,0.0,0.0,0.0,0.0,0.0,0.0,0.0,0.0,0.0,0.0,0.0,0.0,0.0,0.0,0.0,0.0,0.04132372958617115,2.4249109940200072e-08,5.294463553567557e-19,0.0947411772467943,-4.961931737263174e-11,1.7030975281092324e-09,7.375750367260951e-06,-5.2161811843617114e-11,0.03458950961671162,-2.7687410404211937e-64,1.9787243350392438e-05,7.570401685248544e-28,6.965838505992201e-14,0.026772961397893393,2.8986749939478454e-44,6.490005482702666e-16,0.023589430599893338,0.22107945236170928,0.5578763205934771
0.0,0.0,0.0,0.0,0.0,0.0,0.0,0.0,0.0,0.0,0.0,0.0,0.0,0.0,0.0,0.0,0.0,0.0,0.0,0.06805732575016823,0.0,0.00016096086612638356,0.1707535071443979,-3.076142622116663e-12,0.0002682681034332337,0.031282329301850056,0.031030558452124893,0.08801465640741359,0.0,0.016242046271242677,3.707855199937516e-07,0.02595257360207582,0.035625940005389115,0.0,0.010857526890811686,0.021753688114434823,0.0,0.12443834410964641,0.0,0.0,0.18000787666703114,-1.2491688856899006e-16,-2.518493822428125e-16,0.06223214553756045,-6.060288068623443e-15,0.03555107606939383,0.0,-1.2482720853446758e-16,0.0,5.600583959922102e-22,0.06218803850379691,0.0,7.27861023585667e-27,0.03558227080449006
0.0,0.03524404857168145,2.234004986386744e-08,1.7913930036166592e-21,0.07728407545841116,-4.661703225198498e-11,-2.407241947438143e-11,3.58296697364919e-06,-1.0141091474946963e-11,0.03333925137299578,-1.870724661627657e-64,1.6972371881016747e-05,3.233176522026147e-28,3.713496458407753e-14,0.008800025797090359,0.0,1.635561000379454e-16,0.00874793529381346,0.16343598234023962,0.16346080778077265,0.5096671141261178
0.0,0.04629955184123936,3.890088227177223e-08,3.824479258896349e-19,0.06897863486470764,-6.485255645107868e-11,-2.1528063837443965e-11,6.232108707038296e-06,-6.007630773547905e-11,0.0493685744424555,-1.543354749855949e-64,1.969881296519426e-05,1.0478833335695826e-27,5.980142430115688e-14,0.027829882914897217,4.138577043742177e-44,8.617785742635718e-16,0.029780956564050304,0.22229744327959788,0.2223247103938445,0.3330940472308256
0.0,0.0,0.0,0.0,0.0,0.0,0.0,0.0,0.0,0.0,0.0,0.0,0.0,0.0,0.0,0.0,0.0,0.0,0.0,0.03605052293569184,4.426504002284212e-11,9.664669824009768e-22,0.09794820347481636,-9.057656445214366e-14,3.10888442629316e-12,0.00047774600030203783,-9.52177087990316e-14,0.01996246984445395,-5.054141503311538e-67,0.0075200194040878285,1.3819234372432937e-30,0.0019957732482559208,0.03725207009493737,5.291326771858181e-47,1.1847047299828763e-18,0.010218900942692738,0.21762223219406449,0.5709518739012802
0.0,0.0,0.0,0.0,0.0,0.0,0.0,0.0,0.0,0.0,0.0,0.0,0.0,0.0,0.0,0.0,0.0,0.0,0.0,0.06805732575016823,0.0,0.00016096086612638356,0.1707535071443979,-3.076142622116663e-12,0.0002682681034332337,0.031282329301850056,0.031030558452124893,0.08801465640741359,0.0,0.016242046271242677,3.707855199937516e-07,0.02595257360207582,0.035625940005389115,0.0,0.010857526890811686,0.021753688114434823,0.0,0.12443834410964641,0.0,0.0,0.18000787666703114,-1.2491688856899006e-16,-2.518493822428125e-16,0.06223214553756045,-6.060288068623443e-15,0.03555107606939383,0.0,-1.2482720853446758e-16,0.0,5.600583959922102e-22,0.06218803850379691,0.0,7.27861023585667e-27,0.03558227080449006
0.0,0.039640333106077785,3.152295172458575e-11,2.527747051455899e-24,0.07204042481925327,-6.577901419994337e-14,-3.396741375283293e-14,5.0557494557702724e-09,-1.430959818565149e-14,0.020355775869742583,-2.639688074011836e-67,0.0022608454727543748,4.5621772575242775e-31,0.003379458999172961,0.01542233031823539,0.0,2.307860133336839e-19,0.01016061805925553,0.1632597918279519,0.18421274122389983,0.4892675295593833
0.0,0.03923355715798148,7.123103185958376e-11,7.002967234356055e-22,0.07321586611913053,-1.1875089316661374e-13,-3.941983090169805e-14,1.1411554390003064e-08,-1.1000515002245254e-13,0.03273749663632134,-2.826022057535733e-67,0.009769611625810668,1.918769106498758e-30,0.003732745929072486,0.0442569195001392,7.578108671073874e-47,1.5779944693906966e-18,0.009818922644077086,0.21276515649772326,0.22421116781328895,0.35025835653546894
0.0,0.0,0.0,0.0,0.0,0.0,0.0,0.0,0.0,0.0,0.0,0.0,0.0,0.0,0.0,0.0,0.0,0.0,0.0,0.03743691558349241,9.515179820533894e-14,2.077510180360977e-24,0.10064030532763155,-1.9470270394956898e-16,6.682834657366572e-15,0.0036187332641612,0.0053818723318269646,0.018646487133845494,-1.0864344687730163e-69,0.0007413915123711203,2.97057226126867e-33,4.29009921336717e-06,0.04314639422018395,1.1374196362966048e-49,2.5466324065689478e-21,0.0071148283011257625,0.21674453778022498,0.5665240192504161
0.0,0.0,0.0,0.0,0.0,0.0,0.0,0.0,0.0,0.0,0.0,0.0,0.0,0.0,0.0,0.0,0.0,0.0,0.0,0.06805732575016823,0.0,0.00016096086612638356,0.1707535071443979,-3.076142622116663e-12,0.0002682681034332337,0.031282329301850056,0.031030558452124893,0.08801465640741359,0.0,0.016242046271242677,3.707855199937516e-07,0.02595257360207582,0.035625940005389115,0.0,0.010857526890811686,0.021753688114434823,0.0,0.12443834410964641,0.0,0.0,0.18000787666703114,-1.2491688856899006e-16,-2.518493822428125e-16,0.06223214553756045,-6.060288068623443e-15,0.03555107606939383,0.0,-1.2482720853446758e-16,0.0,5.600583959922102e-22,0.06218803850379691,0.0,7.27861023585667e-27,0.03558227080449006
0.0,0.0353938829331772,5.4390560436708584e-14,4.361443686242569e-27,0.07475833652735485,-1.1349690468607742e-16,-5.860830187298783e-17,0.005062240466019191,0.0029952961735330115,0.016697819762497148,-4.554589778837924e-70,3.900924424789781e-06,7.871705036264718e-34,5.831010704322323e-06,0.03604232874405621,0.0,3.982044802099736e-22,0.003008800513495336,0.20772855723107414,0.17400458984569073,0.4442982385323382
0.0,0.03887715672501922,1.5420882933524699e-13,1.5160799315836981e-24,0.0640484684505448,-2.570850897378186e-16,-8.534041719243149e-17,0.007175726151945591,0.0029127578623423305,0.03641221680736113,-6.118085640360372e-70,2.1150337606313693e-05,4.1539639389345865e-33,8.081061931868253e-06,0.057726767513275205,1.6405929216991353e-49,3.41621725067701e-21,0.011924740511685444,0.2555413078038101,0.21913184507024047,0.30621955799663503
0.0,0.0,0.0,0.0,0.0,0.0,0.0,0.0,0.0,0.0,0.0,0.0,0.0,0.0,0.0,0.0,0.0,0.0,0.0,0.041959124609084505,1.9332343097617253e-16,4.220954343801104e-27,0.08708981804221447,-3.955846915960509e-19,1.3577762574917785e-17,0.0035525845739117975,1.0934549255908277e-05,0.03273559312164819,-2.2073491304990391e-72,1.5063125823318006e-06,6.035421635141348e-36,0.0014137557327412098,0.00813815056413518,2.3109375828505574e-52,0.0026344693596437865,0.02821650525317134,0.20575246918113882,0.5884948762916019
0.0,0.0,0.0,0.0,0.0,0.0,0.0,0.0,0.0,0.0,0.0,0.0,0.0,0.0,0.0,0.0,0.0,0.0,0.0,0.06805732575016823,0.0,0.00016096086612638356,0.1707535071443979,-3.076142622116663e-12,0.0002682681034332337,0.031282329301850056,0.031030558452124893,0.08801465640741359,0.0,0.016242046271242677,3.707855199937516e-07,0.02595257360207582,0.035625940005389115,0.0,0.010857526890811686,0.021753688114434823,0.0,0.12443834410964641,0.0,0.0,0.18000787666703114,-1.2491688856899006e-16,-2.518493822428125e-16,0.06223214553756045,-6.060288068623443e-15,0.03555107606939383,0.0,-1.2482720853446758e-16,0.0,5.600583959922102e-22,0.06218803850379691,0.0,7.27861023585667e-27,0.03558227080449006
0.0,0.020429345709774303,7.690245519338228e-17,6.166616504163863e-30,0.0816229104468444,-1.6047252606203941e-19,-8.286589203272448e-20,7.157468455747459e-06,4.235029533186605e-06,0.02040291146918675,-6.439704492453214e-73,5.515491353306608e-09,1.112975190890498e-36,8.244427632678677e-09,5.096001124184532e-05,0.0,5.630186920538504e-25,0.020383556655024417,0.14294882376155715,0.14290114166617196,0.5712486612436084
0.0,0.041808776053457675,3.1178413358989526e-16,3.0652568336034292e-27,0.07733556606272812,-5.197825073201918e-19,-1.7254386891620605e-19,0.0027489262632328076,5.8891030454115886e-06,0.047281486054400405,-1.2369732905900102e-72,4.2762400273348336e-08,8.398611501347823e-36,1.633853848560371e-08,0.011045732663080737,3.317001010063212e-52,0.0027386903137420595,0.022601510962648355,0.20564030044427253,0.20556668667752656,0.3832261606389931
0.0,0.0,0.0,0.0,0.0,0.0,0.0,0.0,0.0,0.0,0.0,0.0,0.0,0.0,0.0,0.0,0.0,0.0,0.0,-0.019638373137048054,8.184073643998487e-18,-0.0016271514152753656,-0.07428994856903395,-1.6746517647204032e-20,-0.009876343554018951,-0.006203011019973897,-0.0002355183107888214,-0.010743956832017123,-0.003958396154355944,-0.012109675892790063,2.55501026881043e-37,5.9849346625785674e-05,-0.012922367624811368,9.783026956036109e-54,-0.002521162357351105,-0.011103368677401814,-0.2216825010693568,-0.6130240442305875
0.0,0.0,0.0,0.0,0.0,0.0,0.0,0.0,0.0,0.0,0.0,0.0,0.0,0.0,0.0,0.0,0.0,0.0,0.0,0.06805732575016823,0.0,0.00016096086612638356,0.1707535071443979,-3.076142622116663e-12,0.0002682681034332337,0.031282329301850056,0.031030558452124893,0.08801465640741359,0.0,0.016242046271242677,3.707855199937516e-07,0.02595257360207582,0.035625940005389115,0.0,0.010857526890811686,0.021753688114434823,0.0,0.12443834410964641,0.0,0.0,0.18000787666703114,-1.2491688856899006e-16,-2.518493822428125e-16,0.06223214553756045,-6.060288068623443e-15,0.03555107606939383,0.0,-1.2482720853446758e-16,0.0,5.600583959922102e-22,0.06218803850379691,0.0,7.27861023585667e-27,0.03558227080449006
0.0,-0.01623022733998685,2.070375106378984e-18,1.6601822748963835e-31,-0.05602014583071718,-4.320256386888276e-21,-0.015257305251841975,-0.0050732551314516825,1.1401586201949875e-07,-0.008736390810466472,-1.733703279054654e-74,-0.008388864371306521,2.996362240246623e-38,2.2195725343382538e-10,-0.003032057409450354,0.0,1.515764199625523e-26,-0.007840659121996328,-0.12057750595140221,-0.12057878965324315,-0.6382617234600083
0.0,-0.015168194380502991,1.3186132890504406e-17,-0.0006875953333638065,-0.06460766118674291,-2.198290572636679e-20,-0.010373121026332005,-0.009794186795677423,2.4906493627034284e-07,-0.01322546353200633,-0.0031035149506312663,-0.012322794828422242,3.5519834212654194e-37,6.909977657528021e-10,-0.01058091956851591,1.4028429097088716e-53,0.00011582608135679162,-0.013509273837419598,-0.1614305143979708,-0.19205478480439503,-0.4930215695735055
0.0,0.0,0.0,0.0,0.0,0.0,0.0,0.0,0.0,0.0,0.0,0.0,0.0,0.0,0.0,0.0,0.0,0.0,0.0,0.031224595808493807,1.5842289393511156e-20,-3.149752156342931e-06,0.08568553251619353,0.0029333453904993633,-1.911809442810234e-05,-1.200745496243526e-05,0.0019384618531910823,0.01941265833683372,-7.662450283234541e-06,-2.3441258998920253e-05,4.945851399024267e-40,1.1585314483986234e-07,0.023986458068523574,0.007509815813865889,0.0038130786297029514,0.02174537446309346,0.21458521508037995,0.5870997675350205
0.0,0.0,0.0,0.0,0.0,0.0,0.0,0.0,0.0,0.0,0.0,0.0,0.0,0.0,0.0,0.0,0.0,0.0,0.0,0.06805732575016823,0.0,0.00016096086612638356,0.1707535071443979,-3.076142622116663e-12,0.0002682681034332337,0.031282329301850056,0.031030558452124893,0.08801465640741359,0.0,0.016242046271242677,3.707855199937516e-07,0.02595257360207582,0.035625940005389115,0.0,0.010857526890811686,0.021753688114434823,0.0,0.12443834410964641,0.0,0.0,0.18000787666703114,-1.2491688856899006e-16,-2.518493822428125e-16,0.06223214553756045,-6.060288068623443e-15,0.03555107606939383,0.0,-1.2482720853446758e-16,0.0,5.600583959922102e-22,0.06218803850379691,0.0,7.27861023585667e-27,0.03558227080449006
0.0,0.04383357183644995,3.779375338865926e-21,3.0305870315160075e-34,0.0648057807129,-7.886431012368795e-24,-2.7851514939827454e-05,-9.260995880653585e-06,0.007619935783078106,0.0076040683851207646,-3.164796271739342e-77,-1.5313489342256088e-05,5.469722622826113e-41,4.051728439574177e-13,0.011436317493743027,0.02191942160198349,2.7669584211818263e-29,0.02951296742077834,0.18667963958014738,0.1866796372368083,0.4398560383640233
0.0,0.03180939164466551,2.6605621088636585e-20,-1.3873590577087227e-06,0.06968671834182802,0.003936490938935618,-2.0929815422374472e-05,-1.976170154820526e-05,0.0019539298580242385,0.02058152628896938,-6.261952879215646e-06,-2.4863666450237884e-05,7.166826377683487e-40,1.3942241354136894e-12,0.02891739667912325,0.017641063774064058,0.0019638444550721234,0.029379376028683738,0.2057800411327313,0.20571825063347612,0.38255855434989117
0.0,0.0,0.0,0.0,0.0,0.0,0.0,0.0,0.0,0.0,0.0,0.0,0.0,0.0,0.0,0.0,0.0,0.0,0.0,0.028482441509168913,3.2032225534158086e-23,-6.36862317955147e-09,0.09349552114626253,5.9310607693193875e-06,-3.8655720602802275e-08,0.002902499976497085,3.919461747505484e-06,0.025171650735106466,-1.549304709187894e-08,0.012761627566462945,1.0000235669023102e-42,2.34248597041281e-10,0.030473851165351604,1.5184428708155576e-05,0.004325638327828117,0.01218670469115063,0.23374706644376672,0.5564276947641348
0.0,0.0,0.0,0.0,0.0,0.0,0.0,0.0,0.0,0.0,0.0,0.0,0.0,0.0,0.0,0.0,0.0,0.0,0.0,0.06805732575016823,0.0,0.00016096086612638356,0.1707535071443979,-3.076142622116663e-12,0.0002682681034332337,0.031282329301850056,0.031030558452124893,0.08801465640741359,0.0,0.016242046271242677,3.707855199937516e-07,0.02595257360207582,0.035625940005389115,0.0,0.010857526890811686,0.021753688114434823,0.0,0.12443834410964641,0.0,0.0,0.18000787666703114,-1.2491688856899006e-16,-2.518493822428125e-16,0.06223214553756045,-6.060288068623443e-15,0.03555107606939383,0.0,-1.2482720853446758e-16,0.0,5.600583959922102e-22,0.06218803850379691,0.0,7.27861023585667e-27,0.03558227080449006
0.0,0.03468272206914403,6.4000399899563544e-24,5.1320327979294235e-37,0.06964205660010417,-1.3354977828779977e-26,-4.716409284960044e-08,-1.5682682631037465e-08,1.2903691578628171e-05,0.021322269593843406,-5.359304351410204e-80,0.012445339440072978,9.262494560955791e-44,6.861246030540944e-16,0.022117268159970185,3.711861411772421e-05,0.0033047832318037038,0.012376857322519606,0.17594125588035217,0.18686483677326152,0.4612523511433313
0.0,0.045185654324856495,5.825670866677697e-23,-3.03781566203208e-09,0.05530889557780403,8.619494543464204e-06,-4.582874255964868e-08,0.001939720924970964,4.278401248932027e-06,0.04341839071875097,-1.3711416972910265e-08,0.024005527557444232,1.5692763381058703e-42,3.052847704715868e-15,0.040214627862746904,3.862756330453127e-05,0.005341524250518265,0.012759961746294722,0.2282257297321452,0.2572567617803858,0.28629139386428903
0.0,0.0,0.0,0.0,0.0,0.0,0.0,0.0,0.0,0.0,0.0,0.0,0.0,0.0,0.0,0.0,0.0,0.0,0.0,-0.03591449291609144,5.383415752059e-25,-1.0703267029374894e-10,-0.08847292147836186,9.967888724411217e-08,-6.496576860649497e-10,-0.0010655530431080682,-0.010618639446091187,-0.01679414443136987,-2.60380015346958e-10,-0.003193044145491808,1.6806645597419691e-44,3.936840373033103e-12,-0.026256108133695617,2.5519329778173697e-07,-0.009451519160954998,-0.044296050759592365,-0.2356600779217094,-0.5282753611173596
0.0,0.0,0.0,0.0,0.0,0.0,0.0,0.0,0.0,0.0,0.0,0.0,0.0,0.0,0.0,0.0,0.0,0.0,0.0,0.06805732575016823,0.0,0.00016096086612638356,0.1707535071443979,-3.076142622116663e-12,0.0002682681034332337,0.031282329301850056,0.031030558452124893,0.08801465640741359,0.0,0.016242046271242677,3.707855199937516e-07,0.02595257360207582,0.035625940005389115,0.0,0.010857526890811686,0.021753688114434823,0.0,0.12443834410964641,0.0,0.0,0.18000787666703114,-1.2491688856899006e-16,-2.518493822428125e-16,0.06223214553756045,-6.060288068623443e-15,0.03555107606939383,0.0,-1.2482720853446758e-16,0.0,5.600583959922102e-22,0.06218803850379691,0.0,7.27861023585667e-27,0.03558227080449006
0.0,-0.02530009729519053,8.240480489911033e-26,6.607836234037241e-39,-0.07501173526697051,-1.7195429155749121e-28,-6.072693101315065e-10,-0.0028936278141954586,-0.0058350248830966005,-0.02326249343581166,-6.900463593445805e-82,-0.0013103293870640128,1.1926082624053067e-45,8.834314182392747e-18,-0.01519774226781236,4.779270378461003e-07,-0.009869053948355341,-0.02289312910842323,-0.18157275608710005,-0.18143210766088821,-0.45542006521225176
0.0,-0.027852055143703768,9.56983188641211e-25,-4.99022101537565e-11,-0.06573478335640714,1.4159247169045825e-07,-7.528289391872405e-10,-0.0012814943662345563,-0.010060459298765215,-0.026660456733128984,-2.252375020116434e-10,-0.004081831103360806,2.5778508746344583e-44,5.014914157965644e-17,-0.027668869077849368,6.345351384688126e-07,-0.012215754671514657,-0.050062786768963946,-0.23097197600372443,-0.22514082313275563,-0.3182662522852735
0.0,0.0,0.0,0.0,0.0,0.0,0.0,0.0,0.0,0.0,0.0,0.0,0.0,0.0,0.0,0.0,0.0,0.0,0.0,0.03990990654769559,1.08048390395545e-27,-2.1482100357107806e-13,0.10147573293655306,2.000615189162397e-10,-1.303902030241018e-12,0.002736545288413384,0.004774598613656596,0.022383205300246588,-5.22598343600823e-13,0.0058939864031165206,3.3731948049062137e-47,7.901475292665854e-15,0.02968402209639576,5.121882896468054e-10,0.0026098228890645224,0.0015081294403980294,0.23219714095824925,0.5568267014156998
0.0,0.0,0.0,0.0,0.0,0.0,0.0,0.0,0.0,0.0,0.0,0.0,0.0,0.0,0.0,0.0,0.0,0.0,0.0,0.06805732575016823,0.0,0.00016096086612638356,0.1707535071443979,-3.076142622116663e-12,0.0002682681034332337,0.031282329301850056,0.031030558452124893,0.08801465640741359,0.0,0.016242046271242677,3.707855199937516e-07,0.02595257360207582,0.035625940005389115,0.0,0.010857526890811686,0.021753688114434823,0.0,0.12443834410964641,0.0,0.0,0.18000787666703114,-1.2491688856899006e-16,-2.518493822428125e-16,0.06223214553756045,-6.060288068623443e-15,0.03555107606939383,0.0,-1.2482720853446758e-16,0.0,5.600583959922102e-22,0.06218803850379691,0.0,7.27861023585667e-27,0.03558227080449006
0.0,0.022596674991350794,1.2186141766596671e-28,9.77176382093484e-42,0.06646442717818565,-2.5428849408232847e-31,-8.980386414149244e-13,0.0023910279724168567,0.006080526212171365,0.03155522831821203,-1.0204505393577789e-84,0.00536900660035418,1.7636463523551765e-48,1.3064311622252979e-20,0.012099072488145821,7.067654179161917e-10,0.006112761966466782,0.0029784120109225395,0.15564713844409345,0.2109832854423292,0.477722285015872
0.0,0.03690398350781616,1.858282449310062e-27,-9.690076315987928e-14,0.06216297703080476,2.7494611004651423e-10,-1.4618530624458637e-12,0.004319976435118064,0.004930816750411509,0.043095311599281025,-4.373691219267597e-13,0.007091285105652081,5.005704482722947e-47,9.738025782643095e-20,0.03691113920951473,1.2321486158616383e-09,0.008209525129868937,-9.721257292764896e-05,0.20351740672753638,0.2530391350489765,0.33972102930741394
0.0,0.0,0.0,0.0,0.0,0.0,0.0,0.0,0.0,0.0,0.0,0.0,0.0,0.0,0.0,0.0,0.0,0.0,0.0,-0.039750260035853024,3.4807629986261284e-29,-6.920427021824203e-15,-0.07777400960385719,-0.010403120607027298,-4.200501205137399e-14,-0.003974737678083521,0.0001538129918166067,-0.021197747759475926,-1.6835428745304585e-14,-0.007403457823742202,1.0866697431671828e-48,-0.00914704556924332,-0.024603183465059016,1.6500070388884873e-11,-0.0008828762839794414,-0.01867988244650461,-0.23357357236258885,-0.5524529798284802
0.0,0.0,0.0,0.0,0.0,0.0,0.0,0.0,0.0,0.0,0.0,0.0,0.0,0.0,0.0,0.0,0.0,0.0,0.0,-0.08699500717099036,0.0,1.3884554787279306e-05,-0.1624914044360007,-0.02108875370942636,2.314092406084354e-05,-0.005812219629568242,0.002676709558521566,-0.06418472538120384,0.0,-0.015620248080859026,3.198412129965071e-08,-0.027360720398975715,-0.060193151944131836,0.0,0.0009365750234685337,-0.044744212203227815,0.0,-0.12118092325618152,0.0,0.0,-0.3144926509002584,-1.0775385501658365e-17,-2.1724637982173515e-17,0.005368172121835805,-5.227631022401968e-16,0.0030666513874537593,0.0,-1.0767649662614888e-17,0.0,4.831088245464528e-23,-0.06067069252123502,0.0,6.278561058167592e-28,0.003069342258961484
0.0,-0.05292249917627852,2.8699930497104742e-30,2.301376004534009e-43,-0.05245053532894866,-0.014955885401856887,-2.114996451376482e-14,-0.0017553663062762179,0.00014320420935319458,-0.008867695492216103,-2.4032922081687302e-86,-0.0027806099533949783,4.153613892200928e-50,-0.005402550199510731,-0.01177855042968702,1.6645234201650698e-11,0.00014396340280877713,-0.009523240726421682,-0.16014976538580475,-0.15884652798446403,-0.5202771200172777
0.0,-0.03890248474278489,5.523102500868646e-29,-2.8800403703060028e-15,-0.05872498942249912,-0.013693520294487765,-4.34485312396666e-14,-0.004888184564374765,0.00014655149078997095,-0.01917026417379365,-1.299928593747027e-14,-0.00480155525597586,1.4877726987843628e-48,-0.008661856784450323,-0.02208043088460816,3.662136024711363e-11,0.0002439997686711059,-0.020033656810792885,-0.1905667006518457,-0.20627580727086506,-0.41180694313305655
0.0,0.0,0.0,0.0,0.0,0.0,0.0,0.0,0.0,0.0,0.0,0.0,0.0,0.0,0.0,0.0,0.0,0.0,0.0,0.024625205366982355,5.971468415633732e-32,-1.1872428947283288e-17,0.0673854765351651,-1.7847209405929602e-05,0.015146822560165241,0.0021470992320218353,0.0026294259588823957,0.0076261139472968646,-2.888223962847198e-17,0.007835702656790943,1.864250468103945e-51,-1.569233347247664e-05,0.0268867177698231,2.8306911220858633e-14,0.001076015163879734,0.02038236249984377,0.19854626518350652,0.6256790764923552
0.0,0.0,0.0,0.0,0.0,0.0,0.0,0.0,0.0,0.0,0.0,0.0,0.0,0.0,0.0,0.0,0.0,0.0,0.0,-0.08699500717099036,0.0,1.3884554787279306e-05,-0.1624914044360007,-0.02108875370942636,2.314092406084354e-05,-0.005812219629568242,0.002676709558521566,-0.06418472538120384,0.0,-0.015620248080859026,3.198412129965071e-08,-0.027360720398975715,-0.060193151944131836,0.0,0.0009365750234685337,-0.044744212203227815,0.0,-0.12118092325618152,0.0,0.0,-0.3144926509002584,-1.0775385501658365e-17,-2.1724637982173515e-17,0.005368172121835805,-5.227631022401968e-16,0.0030666513874537593,0.0,-1.0767649662614888e-17,0.0,4.831088245464528e-23,-0.06067069252123502,0.0,6.278561058167592e-28,0.003069342258961484
0.0,0.014855810276970891,3.4376341942415784e-33,2.7565533121382534e-46,0.036844099081597324,-1.7913932951080935e-05,0.02093796137365534,0.0048783508160245926,0.0004945555828515343,0.005854716743173093,-2.878626996810541e-89,0.004019038440443231,4.975135792383611e-53,-6.471092779760671e-06,0.018007676130144035,1.9937409349658968e-14,0.0017175658227540679,0.015528125273117668,0.12311351451502091,0.15796487123749592,0.5957592065753357
0.0,0.02021303418609914,8.80934394300104e-32,-4.5936620201713426e-18,0.0435854996826182,-2.1841153599020736e-05,0.02062950905176909,0.0032621855406469993,0.0034647312570150915,0.009280417461038143,-2.073385037097934e-17,0.0093693504613066,2.372996230024166e-51,-1.3815654441908145e-05,0.02990956535002399,5.841103945230625e-14,0.0010184735553329693,0.022232520183861137,0.16292962942885159,0.18762461038233358,0.48644465316358854
0.0,0.0,0.0,0.0,0.0,0.0,0.0,0.0,0.0,0.0,0.0,0.0,0.0,0.0,0.0,0.0,0.0,0.0,0.0,0.035066804016015994,1.0129704691969527e-34,-2.0139803284818557e-20,0.08144451181295292,-3.0275126363307e-08,2.5694323217793077e-05,0.009332988786293541,0.0062466083272247706,0.027647941148151653,-4.899440772610557e-20,1.3292099772238312e-05,3.1624226068613984e-54,0.0013473313673249326,0.027418867667551198,4.8018448972850485e-17,0.00441059265491093,0.01858748595813761,0.21158083060797364,0.5768768467355435
0.0,0.0,0.0,0.0,0.0,0.0,0.0,0.0,0.0,0.0,0.0,0.0,0.0,0.0,0.0,0.0,0.0,0.0,0.0,0.060693798760885175,0.0,5.5339478669139846e-08,0.17026585422246074,-8.405315503027566e-05,9.223246211844668e-08,0.012184941028735411,0.012218775236812328,0.06078471338666054,0.0,-6.225740750933751e-05,1.2747867148284934e-10,0.01209905546618406,0.07300872925831314,0.0,0.02441994631899053,0.07307030388453276,0.0,0.24978319846867575,0.0,0.0,-0.001253469024591346,-4.294730549567937e-20,-8.658759021288394e-20,2.1395849645879448e-05,-2.0835696922698015e-18,0.12514531651240934,0.0,-4.291647286861332e-20,0.0,1.9255201841513566e-25,0.12489127945917276,0.0,2.5024374283119612e-30,1.2233435142170085e-05
0.0,0.05401869502066181,5.6910020211296685e-36,4.5634728956934605e-49,0.05369028820492921,-2.965650877040889e-08,3.466278660347584e-05,0.0039396176768452355,0.006235821747065874,0.02995467801132237,-4.7655658313992086e-92,6.653516516060376e-06,8.236335296314532e-56,-1.0712891485145492e-08,0.023270637667274476,3.3006373131574976e-17,0.00845295999186824,0.027291179688876895,0.24821426852851267,0.20695285034955138,0.3379374753722805
0.0,0.050563882756910004,1.5739612679624188e-34,-8.20747395565598e-21,0.06216098038206797,-3.9023484648693936e-08,3.685864513254913e-05,0.008525750715302328,0.005292057870961891,0.0378639542905171,-3.7045071268419904e-20,1.674017364684549e-05,4.239821011922584e-54,0.0008141675350221095,0.028012351694552372,1.0436272475477343e-16,0.005277333689923283,0.02501883790582146,0.25198908390592095,0.22362699903982314,0.3008007804528548
