0.0,0.0,0.0,0.0,0.0,0.0,0.0,0.0,0.0,0.0,0.0,0.0,0.0,0.0,0.0,0.0,0.0,0.0,0.0,-0.03268380793212471,0.0,0.0,-0.14762724332086377,0.0,0.0,0.0,0.0,-0.004839744690421312,0.0,0.0,0.0,-0.0987147594040468,-0.021669631195662793,0.0,0.0,0.0,-0.30553518654311934,-0.3888629646912428
0.0,0.0,0.0,0.0,0.0,0.0,0.0,0.0,0.0,0.0,0.0,0.0,0.0,0.0,0.0,0.0,0.0,0.0,0.0,-0.0534406749723065,0.0,0.0,-0.2804137099364625,0.0,0.0,0.0,0.0,-0.011537192447292339,0.0,0.0,0.0,-0.0886932074501442,-0.06586022124312914,0.0,0.0,0.0,0.0,-0.12498625151233365,0.0,0.0,-0.2624711281759007,0.0,0.0,0.0,0.0,-0.037495875453700096,0.0,0.0,0.0,0.0,-0.07499175090740019,0.0,0.0,0.0
0.0,-0.02063409527110979,0.0,0.0,-0.09047257157332753,0.0,0.0,0.0,0.0,0.0,0.0,0.0,0.0,-0.011110666684443733,-0.011110666684443733,0.0,0.0,0.0,-0.13332800021332478,-0.13332800021332478,-0.5999760009599615
0.0,-0.017947889584583276,0.0,0.0,-0.08973944792291638,0.0,0.0,0.0,0.0,-0.003845976339553559,0.0,0.0,0.0,-0.08204749524380926,-0.017947889584583276,0.0,0.0,0.0,-0.21152869867544574,-0.21152869867544574,-0.3653677522575881
0.0,0.0,0.0,0.0,0.0,0.0,0.0,0.0,0.0,0.0,0.0,0.0,0.0,0.0,0.0,0.0,0.0,0.0,0.0,0.01940283342709825,0.0,0.0,0.05813384346617726,0.0008187232706011623,0.0,0.008712481136552347,0.0024960785868462397,0.017268735803555,0.0,0.010508273505911176,0.0,-0.04241216886117107,0.03846069362189762,0.0,0.0,0.02589875363624695,0.19405093792508743,0.5817925982591313
0.0,0.0,0.0,0.0,0.0,0.0,0.0,0.0,0.0,0.0,0.0,0.0,0.0,0.0,0.0,0.0,0.0,0.0,0.0,-0.0534406749723065,0.0,0.0,-0.2804137099364625,0.0,0.0,0.0,0.0,-0.011537192447292339,0.0,0.0,0.0,-0.0886932074501442,-0.06586022124312914,0.0,0.0,0.0,0.0,-0.12498625151233365,0.0,0.0,-0.2624711281759007,0.0,0.0,0.0,0.0,-0.037495875453700096,0.0,0.0,0.0,0.0,-0.07499175090740019,0.0,0.0,0.0
0.0,0.020470941640310464,0.0,0.0,0.06841404052194497,0.002520923907729061,0.0,0.010149139696839548,0.0016264268613237836,0.011637953507982336,0.0,0.007790709277837153,0.0,-0.0020162745467945855,0.017019674962569807,0.0,0.0,0.017469667769916368,0.17528129028538517,0.17444006974948587,0.49114444737837865
0.0,0.024963400461688264,0.0,0.0,0.05064952196987071,0.0,0.0,0.01273918444434965,0.0026595148112745224,0.025799531362381636,0.0,0.012485148664892797,0.0,-0.047189816163899515,0.04868111539768798,0.0,0.0,0.03656526527676764,0.19120387737176955,0.21861001852306755,0.3283953234395682
0.0,0.0,0.0,0.0,0.0,0.0,0.0,0.0,0.0,0.0,0.0,0.0,0.0,0.0,0.0,0.0,0.0,0.0,0.0,-0.06382879391377302,0.0,0.0,-0.08901183075612418,0.00015645607147856324,0.0,0.001664934441713342,0.0004769946865110783,-0.025290694376439094,0.0,0.0020081060961537507,0.0,-0.008104864685270196,-0.027267245876213948,0.0,0.0,-0.014864542510159248,-0.21359646083245973,-0.5537092834998207
0.0,0.0,0.0,0.0,0.0,0.0,0.0,0.0,0.0,0.0,0.0,0.0,0.0,0.0,0.0,0.0,0.0,0.0,0.0,-0.0534406749723065,0.0,0.0,-0.2804137099364625,0.0,0.0,0.0,0.0,-0.011537192447292339,0.0,0.0,0.0,-0.0886932074501442,-0.06586022124312914,0.0,0.0,0.0,0.0,-0.12498625151233365,0.0,0.0,-0.2624711281759007,0.0,0.0,0.0,0.0,-0.037495875453700096,0.0,0.0,0.0,0.0,-0.07499175090740019,0.0,0.0,0.0
0.0,-0.06307309828828873,0.0,0.0,-0.06049029020910681,0.000490356747538401,0.0,0.0019741568227413524,0.000316363926488469,-0.024450163359307213,0.0,0.0015154074467637817,0.0,-0.0003921950305121697,-0.023585345810349247,0.0,0.0,-0.029820288438955185,-0.193586271501633,-0.19374990125843822,-0.40653578342982083
0.0,-0.07613001408776042,0.0,0.0,-0.05709220762106719,0.0,0.0,0.00440900905655125,0.0009204533414336776,-0.041792616385551935,0.0,0.0043210877255424945,0.0,-0.016332311362043658,-0.033925735054620154,0.0,0.0,-0.03546947675828223,-0.24283701864998858,-0.23335180198882394,-0.25338250448563265
0.0,0.0,0.0,0.0,0.0,0.0,0.0,0.0,0.0,0.0,0.0,0.0,0.0,0.0,0.0,0.0,0.0,0.0,0.0,0.016194491259731086,0.0,0.0,0.06749802899950857,3.8156056411481516e-05,0.0012335159758463537,0.012941204291404764,0.00011632809129422208,0.01886758079155467,0.0,0.016116489475569425,0.0,0.0020551917871015892,0.018843228911555522,0.0,0.0023162676676772307,0.0003557220518497401,0.21992511067672843,0.6234735789659271
0.0,0.0,0.0,0.0,0.0,0.0,0.0,0.0,0.0,0.0,0.0,0.0,0.0,0.0,0.0,0.0,0.0,0.0,0.0,-0.0534406749723065,0.0,0.0,-0.2804137099364625,0.0,0.0,0.0,0.0,-0.011537192447292339,0.0,0.0,0.0,-0.0886932074501442,-0.06586022124312914,0.0,0.0,0.0,0.0,-0.12498625151233365,0.0,0.0,-0.2624711281759007,0.0,0.0,0.0,0.0,-0.037495875453700096,0.0,0.0,0.0,0.0,-0.07499175090740019,0.0,0.0,0.0
0.0,0.022943560401410094,0.0,0.0,0.06787673029872361,8.633749986623652e-05,0.0024073857499057483,0.008669152010427015,5.570244642904852e-05,0.01019135971924448,0.0,0.006314673151456677,0.0,0.003086549152886056,0.009525502249065685,0.0,0.0022485006564461805,-0.0052504817401494075,0.16646270503626598,0.1690320349081902,0.5258309842722537
0.0,-0.003798038592266854,0.0,0.0,0.06768346439261771,0.0,0.0014333754770453223,0.012440057775705898,0.0004276026357073032,0.01996877170053412,0.0,0.01967636758452942,0.0,0.0010827495913779202,0.02315874636960159,0.0,0.0047636906622622035,-0.01234233663194067,0.18272901399815997,0.21849355667092826,0.4319548241869577
0.0,0.0,0.0,0.0,0.0,0.0,0.0,0.0,0.0,0.0,0.0,0.0,0.0,0.0,0.0,0.0,0.0,0.0,0.0,-0.022220287469756978,0.0,0.0,-0.06674203979319386,-0.003708300796248464,0.00011022406307404397,-0.0024472583481088416,-0.001088179614453224,-0.00870696008918674,0.0,-0.016911793184189935,-0.0010582844350932187,-0.0009712175421325835,-0.01702506464932994,0.0,-0.0016373783104779147,-0.02001923779143059,-0.22250695131438136,-0.6148281035517507
0.0,0.0,0.0,0.0,0.0,0.0,0.0,0.0,0.0,0.0,0.0,0.0,0.0,0.0,0.0,0.0,0.0,0.0,0.0,-0.0534406749723065,0.0,0.0,-0.2804137099364625,0.0,0.0,0.0,0.0,-0.011537192447292339,0.0,0.0,0.0,-0.0886932074501442,-0.06586022124312914,0.0,0.0,0.0,0.0,-0.12498625151233365,0.0,0.0,-0.2624711281759007,0.0,0.0,0.0,0.0,-0.037495875453700096,0.0,0.0,0.0,0.0,-0.07499175090740019,0.0,0.0,0.0
0.0,-0.020830429178593148,0.0,0.0,-0.05030328125749953,-0.005791539549301645,0.00037195754538335004,-0.0024478427707573585,8.606408526929106e-06,-0.016114438939878416,0.0,-0.013283518717573705,0.0,0.00047689293112144777,-0.01825756175273134,0.0,-0.0005096682881816924,-0.01326560163014424,-0.16407827229171182,-0.19082007268071238,-0.5034242931271672
0.0,-0.014115465535812789,0.0,0.0,-0.059870040598215726,-0.006409237004011809,0.0003303242350808432,-0.0015391056272000153,-0.001276897160327198,-0.017989648045751698,0.0,-0.013958317472913599,-0.0006791107202976976,0.0002495218010100632,-0.012441802505576931,0.0,-0.0007023958685411096,-0.026447812345794165,-0.1721019397137346,-0.2167177463019111,-0.45514719926794517
0.0,0.0,0.0,0.0,0.0,0.0,0.0,0.0,0.0,0.0,0.0,0.0,0.0,0.0,0.0,0.0,0.0,0.0,0.0,0.03992559201229186,0.0,0.0,0.09092113591032236,0.0010910534624179332,2.972987497330186e-05,-0.0006600798653899208,0.0059652993439894735,0.0339663934113674,0.0,-0.004561485785572565,-0.0002854427886620133,0.00045921810428490044,0.030118332496579997,0.0,-0.0004416372532176034,0.009411097300169459,0.18973398095564348,0.5924013232068364
0.0,0.0,0.0,0.0,0.0,0.0,0.0,0.0,0.0,0.0,0.0,0.0,0.0,0.0,0.0,0.0,0.0,0.0,0.0,-0.035303470736887985,0.0,0.0,-0.3025340080586722,0.006804937083937736,0.0,0.0,0.006804937083937736,0.012252641726247012,0.0,0.0,0.0,-0.10825604482390093,-0.05141524783745066,0.0,0.0,0.027219748335750943,0.0,-0.1621436549362926,0.0,0.0,-0.1873905909776154,0.0,0.0,0.0,0.0,0.0023939316486452393,0.0,0.0,0.0,0.0,-0.09728619296177556,0.0,0.0,0.0
0.0,0.017788512250111133,0.0,0.0,0.07569732086894351,0.005289343434422709,7.779839701212398e-05,-0.0005119891935687648,1.8001107807518384e-06,0.01599867463051925,0.0,-0.0027783720904026566,0.0,9.97466136879251e-05,0.031137528956784136,0.0,-0.00010660188594260963,0.01675778408725412,0.15440414481886094,0.14881084733288505,0.5305167179456008
0.0,0.0312709303451114,0.0,0.0,0.08449665065215377,0.004521350280442532,0.00013959467658840349,-0.000650424429838748,0.0040943197450099555,0.03604944750735542,0.0,-0.005898770378966469,-0.0002869914807930261,0.0038955925885371767,0.03272150560719906,0.0,-0.00029683176010997236,0.016062637132853236,0.19882835323124806,0.1799737599862717,0.4007684673072358
0.0,0.0,0.0,0.0,0.0,0.0,0.0,0.0,0.0,0.0,0.0,0.0,0.0,0.0,0.0,0.0,0.0,0.0,0.0,-0.030499049508462925,0.0,0.0,-0.07556126425547662,0.0001834115753556129,4.997741533118369e-06,-0.00011096274576993298,0.001002796826953116,-0.03586840403966091,0.0,-0.0007668087061838451,-0.006597715927010546,7.719687333382812e-05,-0.003784221184827035,0.0,-0.010730348598762663,-0.03756015879498903,-0.2029347106286027,-0.5943006167618287
0.0,0.0,0.0,0.0,0.0,0.0,0.0,0.0,0.0,0.0,0.0,0.0,0.0,0.0,0.0,0.0,0.0,0.0,0.0,-0.035303470736887985,0.0,0.0,-0.3025340080586722,0.006804937083937736,0.0,0.0,0.006804937083937736,0.012252641726247012,0.0,0.0,0.0,-0.10825604482390093,-0.05141524783745066,0.0,0.0,0.027219748335750943,0.0,-0.1621436549362926,0.0,0.0,-0.1873905909776154,0.0,0.0,0.0,0.0,0.0023939316486452393,0.0,0.0,0.0,0.0,-0.09728619296177556,0.0,0.0,0.0
0.0,-0.04427223293106334,0.0,0.0,-0.060189261349603715,0.0006711250201381852,9.871253664809312e-06,-6.496245934952657e-05,2.2840252272537426e-07,-0.04449933196960852,0.0,-0.0003525267451888129,0.0,1.2656097859777331e-05,0.003950806939889288,0.0,-1.3525911814385864e-05,-0.02113837252482957,-0.16652595298684822,-0.16723564445129063,-0.49103812446004075
0.0,-0.020147096546660977,0.0,0.0,-0.07436306808991254,0.0010516274723383122,3.246852992734252e-05,-0.00015128316911368838,0.0009523038157459976,-0.04641791904397144,0.0,-0.0013720036269628407,-0.0073252631434870255,0.0009060815758654829,-0.0009772128578978037,0.0,-0.011683662266634564,-0.04012886084467805,-0.20131963282579773,-0.20570505023571384,-0.38744240476955927
0.0,0.0,0.0,0.0,0.0,0.0,0.0,0.0,0.0,0.0,0.0,0.0,0.0,0.0,0.0,0.0,0.0,0.0,0.0,0.013028177636660301,0.0,0.0013631416857689937,0.043805640489242195,0.005211268944848024,0.015763575621715393,-1.3640543790145068e-05,0.00012327285104348022,0.00020370108109858074,0.0,0.00422851430595245,-0.0008110508837256157,9.489737513846674e-06,0.019532438488023527,0.0,-0.001319071449875787,-0.004617234255090654,0.13611332358505882,0.7538436738204538
0.0,0.0,0.0,0.0,0.0,0.0,0.0,0.0,0.0,0.0,0.0,0.0,0.0,0.0,0.0,0.0,0.0,0.0,0.0,-0.035303470736887985,0.0,0.0,-0.3025340080586722,0.006804937083937736,0.0,0.0,0.006804937083937736,0.012252641726247012,0.0,0.0,0.0,-0.10825604482390093,-0.05141524783745066,0.0,0.0,0.027219748335750943,0.0,-0.1621436549362926,0.0,0.0,-0.1873905909776154,0.0,0.0,0.0,0.0,0.0023939316486452393,0.0,0.0,0.0,0.0,-0.09728619296177556,0.0,0.0,0.0
0.0,0.012623631953662827,0.0,0.003015737186541659,0.0352394556973114,0.006508045242127231,0.02195529411381799,-4.626310469291774e-06,1.6265717041464692e-08,-0.0005071625555357064,0.0,0.0030195165029780293,0.0,9.013057482020313e-07,0.006278953517084064,0.0,-9.632496685036089e-07,-0.001505372104052298,0.08657781948202334,0.09409468037968793,0.7286603635001313
0.0,0.0047173057455571306,0.0,0.0013128119437761402,0.028727721946737603,0.0064741134421554694,0.036910993812929824,-3.58088527787986e-05,0.00022541111042636848,-0.008382811264055436,0.0,0.0060917648181735805,-0.0017338959185470434,0.00021447026755082156,0.02296266317508244,0.0,-0.002765532639712965,-0.009498534956576028,0.08481928845708893,0.09652885192220059,0.6885732737300378
0.0,0.0,0.0,0.0,0.0,0.0,0.0,0.0,0.0,0.0,0.0,0.0,0.0,0.0,0.0,0.0,0.0,0.0,0.0,-0.03138689660984586,0.0,0.00038027916878892123,-0.09851870352036432,0.0014538012030380829,0.004259208483050733,-0.005608613410868838,-0.010320155188886614,-0.021072825636183908,0.0,0.001179639594524264,-0.00022626096694761656,2.647376667785518e-06,-0.0365688838623384,0.0,-0.000918447696623385,-0.027160010669452683,-0.21345648438278192,-0.5474585296561397
0.0,0.0,0.0,0.0,0.0,0.0,0.0,0.0,0.0,0.0,0.0,0.0,0.0,0.0,0.0,0.0,0.0,0.0,0.0,-0.035303470736887985,0.0,0.0,-0.3025340080586722,0.006804937083937736,0.0,0.0,0.006804937083937736,0.012252641726247012,0.0,0.0,0.0,-0.10825604482390093,-0.05141524783745066,0.0,0.0,0.027219748335750943,0.0,-0.1621436549362926,0.0,0.0,-0.1873905909776154,0.0,0.0,0.0,0.0,0.0023939316486452393,0.0,0.0,0.0,0.0,-0.09728619296177556,0.0,0.0,0.0
0.0,-0.025967981520271684,0.0,0.0006458275662148365,-0.08887092407553442,0.0013937139609831214,0.004701780455649833,-0.003711608902310071,-0.007730983093509537,-0.019290523322836015,0.0,0.0006466369161631502,0.0,1.930168518577965e-07,-0.02602373637863122,0.0,-2.0628229536816092e-07,-0.01758851349828024,-0.18766955174813782,-0.18019633791646095,-0.4355396767307816
0.0,-0.024253965439008117,0.0,0.0006061392731314204,-0.11280388207436085,0.002989167210583847,0.017042199430311333,-0.003607147224072172,-0.011075555289373464,-0.025101685641088375,0.0,0.0028126327738567055,-0.0008005582343580927,9.902320945346578e-05,-0.04253811879583667,0.0,-0.0012768759090012343,-0.026911189932566464,-0.23551298826502487,-0.2195987096828178,-0.27292326912593046
0.0,0.0,0.0,0.0,0.0,0.0,0.0,0.0,0.0,0.0,0.0,0.0,0.0,0.0,0.0,0.0,0.0,0.0,0.0,0.027897618595880073,0.0,0.00019384637649095588,0.047602194744778385,0.0071298666844285576,0.002171121110284123,0.0068371721981595225,-0.0052606738743042345,0.0027713867714762846,0.0,0.006251935252179738,-0.00011533597468358931,1.3494937834519505e-06,0.01017863139285483,0.0,0.01025154205475698,0.016186703550704288,0.17027614745041317,0.6868215391518072
0.0,0.0,0.0,0.0,0.0,0.0,0.0,0.0,0.0,0.0,0.0,0.0,0.0,0.0,0.0,0.0,0.0,0.0,0.0,-0.035303470736887985,0.0,0.0,-0.3025340080586722,0.006804937083937736,0.0,0.0,0.006804937083937736,0.012252641726247012,0.0,0.0,0.0,-0.10825604482390093,-0.05141524783745066,0.0,0.0,0.027219748335750943,0.0,-0.1621436549362926,0.0,0.0,-0.1873905909776154,0.0,0.0,0.0,0.0,0.0023939316486452393,0.0,0.0,0.0,0.0,-0.09728619296177556,0.0,0.0,0.0
0.0,0.02334692947527796,0.0,0.0005814479658522022,0.0476566175623522,0.018054556700462687,0.004233081436650561,-0.005682293503528472,-0.0069603166989368696,-0.02172806259542472,0.0,0.000582176635400744,0.0,1.7377588346945574e-07,-0.007807315305324913,0.0,0.0063939454555950815,0.0011798490965432814,0.05456303854424546,0.06129128182174221,0.7398432550039995
0.0,-0.029987179346513508,0.0,0.0009960015419351106,-0.12065502644566327,0.011583760700622768,0.02800355902178197,-0.00360486251704043,-0.01819923346826563,-0.07015122064736726,0.0,0.006759505821036483,-0.0013154686904054643,0.00016271387398062784,-0.08527829168310787,0.0,0.002786837681774281,-0.03334892040418055,-0.3233056978030326,-0.26219009992848147,-0.0015023221377122456
0.0,0.0,0.0,0.0,0.0,0.0,0.0,0.0,0.0,0.0,0.0,0.0,0.0,0.0,0.0,0.0,0.0,0.0,0.0,-0.03951315653388731,0.0,3.1983406436523565e-05,-0.08838329647106653,0.0006115429556454265,0.00035822103126272904,-0.005385355244192396,-0.0029304825682297956,-0.016264200570808945,0.0,-0.012002902011982427,-1.9029694657356353e-05,2.2265780222989827e-07,-0.03227892610518769,0.0,0.0016914385611623965,-0.013006628372547882,-0.24868350873499695,-0.538822182662302
0.0,0.0,0.0,0.0,0.0,0.0,0.0,0.0,0.0,0.0,0.0,0.0,0.0,0.0,0.0,0.0,0.0,0.0,0.0,-0.035303470736887985,0.0,0.0,-0.3025340080586722,0.006804937083937736,0.0,0.0,0.006804937083937736,0.012252641726247012,0.0,0.0,0.0,-0.10825604482390093,-0.05141524783745066,0.0,0.0,0.027219748335750943,0.0,-0.1621436549362926,0.0,0.0,-0.1873905909776154,0.0,0.0,0.0,0.0,0.0023939316486452393,0.0,0.0,0.0,0.0,-0.09728619296177556,0.0,0.0,0.0
0.0,-0.03393652722729574,0.0,7.847191697961812e-05,-0.07484057241390517,0.0024366336417154873,0.0005712944830376123,-0.010843513949121796,-0.001954021037908529,-0.01741927968124573,0.0,-0.013437658123673707,0.0,2.3452703425814692e-08,-0.023897475007143683,0.0,0.0008629235743017484,-0.01085765426602721,-0.22218244812571575,-0.18304294660587467,-0.40362471449507314
0.0,-0.03214815412643717,0.0,0.0006149137052803335,-0.10199188724617014,0.006758070450935572,0.017288901185498688,-0.007027408051440246,-0.012186499488113059,-0.05375766093732468,0.0,-0.0040911437613797945,-0.0008121470625696995,0.00010045666290390499,-0.06693576130933249,0.0,0.0017205442087822815,-0.02582095266148339,-0.28613216023678945,-0.2484342931696584,-0.134116120234036
0.0,0.0,0.0,0.0,0.0,0.0,0.0,0.0,0.0,0.0,0.0,0.0,0.0,0.0,0.0,0.0,0.0,0.0,0.0,0.014488072567269044,0.0050782877503842624,2.4642662217994324e-05,0.042861600694779095,0.00047118328429691155,0.00027600311712602343,-0.003791597300977904,-0.0004051323464988564,-0.0031577306087987272,0.0,0.010171357068796268,-1.4662051038356368e-05,0.0015384463345519443,-0.01056475946790061,0.0,0.012681339525324324,0.008516164384706473,0.16452332007820097,0.7213569403005688
0.0,0.0,0.0,0.0,0.0,0.0,0.0,0.0,0.0,0.0,0.0,0.0,0.0,0.0,0.0,0.0,0.0,0.0,0.0,-0.05602017141282371,-0.004435768888266112,0.0,-0.2729268860109761,0.004079008068334784,0.0,-0.004121994811007648,-0.0017307590902672107,0.0015346981675721065,0.0,-0.01827594962013581,0.0,-0.07070048912060159,-0.06345722910001242,0.0,-0.005809767158601995,-0.0024872674728027315,0.0,-0.1338319291365781,-0.021597444117603934,0.0,-0.19882295983166115,0.0,0.0,0.0,0.0,-0.02021633460876615,0.0,-0.0432487466605946,0.0,0.0,-0.0766351620943845,0.0,0.0,0.0
0.0,-0.003053461020246678,0.007817263725285732,8.044381348316903e-05,0.07346361113816019,0.0024978630540131532,0.0005856503652048894,-0.009877661953412916,-0.0037668689758430696,-0.014332415944165018,0.0,-0.009392665059632004,0.0,0.0012383593421642122,-0.013531722080989742,0.0,0.012082000057546257,0.01740959321079783,0.021296256989021527,0.12796670147702102,0.6815014139974583
0.0,-0.04008672110887233,-0.004985249159306549,0.0005180416676550593,-0.08944770739454255,0.00569342016037354,0.0145652489530643,-0.007016967217098207,-0.011682238318584512,-0.049340582550562985,0.0,-0.015895105444129976,-0.0006842033525386456,-0.0020777257613447324,-0.06670401882779314,0.0,0.0005585376995799565,-0.026366222041153752,-0.3007461765784718,-0.25082437535133,-0.11272159205497176
0.0,0.0,0.0,0.0,0.0,0.0,0.0,0.0,0.0,0.0,0.0,0.0,0.0,0.0,0.0,0.0,0.0,0.0,0.0,-0.05317872646722378,0.0011269147369478848,5.468413878080333e-06,-0.12218484504145684,0.00010455953127853303,6.124741161217852e-05,-0.007935096456925509,-0.013767274947487852,-0.005141360188036432,0.0,0.002257109628086402,-3.253632366097329e-06,-0.045575546205365094,-0.002344408927159755,0.0,0.0028140958326448363,-0.005908313352620242,-0.23050761567480996,-0.5070602657238247
0.0,0.0,0.0,0.0,0.0,0.0,0.0,0.0,0.0,0.0,0.0,0.0,0.0,0.0,0.0,0.0,0.0,0.0,0.0,-0.06518570669398191,-0.0026108462502057,0.0,-0.25924997838067304,0.00240086063724873,0.0,-0.021122732817393578,-0.012413884165938941,-0.008275827315427791,0.0,-0.010757028992403469,0.0,-0.0759026260585083,-0.037350248134539875,0.0,-0.003419566975351006,-0.0036800226441786967,0.0,-0.1116669538865487,-0.01271202522242195,0.0,-0.24058599991256954,0.0,0.0,-0.009981946700229827,-0.016478515898850958,-0.028377634797002695,0.0,-0.02545575093950558,0.0,0.0,-0.045106638922804566,0.0,0.0,-0.0072021415114197004
0.0,-0.08345033309623683,0.0014737600391736751,1.5165776910756795e-05,-0.10413159551838094,0.0004709129539055362,0.00011041051389562619,-0.0018621993550401866,-0.0007101539828372197,-0.0027020377750597104,0.0,-0.001770764670693326,0.0,-0.02589505773644238,-0.0025510858997452846,0.0,0.0022777751274413965,0.0032821667112689534,-0.22296971170637803,-0.2028595243093728,-0.3434447216676419
0.0,-0.036351733364145176,-0.0037996358508770017,0.00039483877932072574,-0.08299448908454606,0.0043393865911549225,0.011101279059582655,-0.006914498962054401,-0.012670559973844281,-0.039348532603656096,0.0,-0.012114863383756634,-0.0005214831805834348,-0.038423985586350455,-0.050840183356234206,0.0,0.0004257038714762203,-0.02064805298762946,-0.2869033963788682,-0.2562585441784169,-0.13586675234570572
0.0,0.0,0.0,0.0,0.0,0.0,0.0,0.0,0.0,0.0,0.0,0.0,0.0,0.0,0.0,0.0,0.0,0.0,0.0,0.00533575438130315,0.00022933418618833554,0.002504680840035832,0.027776077441617857,0.002242822012096048,0.011256865089649966,0.0016467972123485042,-0.0018001653709427744,0.008659737419550761,0.0,0.006695454068679097,0.0015074843293372317,-0.009274908257393437,0.019556531284536965,0.00018502557352413567,0.0005726860750649989,0.011275166048340867,0.13404872027206488,0.7554109307472457
0.0,0.0,0.0,0.0,0.0,0.0,0.0,0.0,0.0,0.0,0.0,0.0,0.0,0.0,0.0,0.0,0.0,0.0,0.0,-0.06518570669398191,-0.0026108462502057,0.0,-0.25924997838067304,0.00240086063724873,0.0,-0.021122732817393578,-0.012413884165938941,-0.008275827315427791,0.0,-0.010757028992403469,0.0,-0.0759026260585083,-0.037350248134539875,0.0,-0.003419566975351006,-0.0036800226441786967,0.0,-0.1116669538865487,-0.01271202522242195,0.0,-0.24058599991256954,0.0,0.0,-0.009981946700229827,-0.016478515898850958,-0.028377634797002695,0.0,-0.02545575093950558,0.0,0.0,-0.045106638922804566,0.0,0.0,-0.0072021415114197004
0.0,-0.006145085948279796,0.0002282406610355602,0.0034724733779599773,0.010830654814982885,0.004303850595585367,0.03264031324028858,-0.0007490514892067277,0.0004734439895329141,0.0044833701440330125,0.0,0.005946679214214884,0.0015334269594539376,-0.004010357818246629,0.0053811400208570075,0.0,0.00035275817430161475,0.011274259928819539,0.07246520958246176,0.09049593612831487,0.745197931440332
0.0,-0.04028925281970259,-0.0036750497800639853,-0.0008968283980975426,-0.07311945755958091,0.005138213514480444,0.03385158776853031,-0.007514938922909111,-0.012255105613454019,-0.04236999292053821,0.0,-0.012937439956174988,-0.0010310353931275082,-0.03716410343525573,-0.0528486410875425,0.0,0.0004117454884209415,-0.02044266829613326,-0.26075170990591695,-0.2146387752686542,0.1805649078399311
0.0,0.0,0.0,0.0,0.0,0.0,0.0,0.0,0.0,0.0,0.0,0.0,0.0,0.0,0.0,0.0,0.0,0.0,0.0,-0.03114118143933093,0.00012069388858188683,0.001318162264705772,-0.17636287696416425,0.0011803513228272977,0.005924257710953727,0.0008666756691081653,-0.0009473901921064271,0.004557442571624831,0.0,0.0035236804455601807,0.0007933581499905587,-0.051357203666240324,-0.01847267452080562,9.737517256752355e-05,0.00030139296057470495,-0.001828919180354251,-0.2373867340828901,-0.46376390608227436
0.0,0.0,0.0,0.0,0.0,0.0,0.0,0.0,0.0,0.0,0.0,0.0,0.0,0.0,0.0,0.0,0.0,0.0,0.0,-0.07769778984753008,-0.004036393334758144,0.0,-0.23935502783232795,0.003711753563853273,0.0,-0.03265594745354583,-0.01919198394080379,-0.012794508375577565,0.0,-0.016630469957132313,0.0,-0.06778327979440633,-0.024486068567929176,0.0,-0.005286683329582657,0.0060435601897051985,0.0,-0.136432811962077,-0.01965291287260549,0.0,-0.1723300294956062,0.0,0.0,-0.015432185302196292,-0.025475943570245737,-0.04387209547164942,0.0,-0.03935483501389189,0.0,0.0,-0.035944845075610236,0.0,0.0,-0.00166717991615303
0.0,-0.005599387990106072,2.5619034843204365e-05,0.0003897702366371779,-0.1156167408042032,0.00048308876195845153,0.0036637351048758775,-8.407781555781355e-05,5.314205632387152e-05,0.0005032390609711239,0.0,0.0006674892251849647,0.0001721205964157224,-0.03218959224010109,-0.008808408247205624,0.0,3.9595591415020475e-05,0.0012654873002789346,-0.15476001986733987,-0.15273614818062697,-0.5229292425532267
0.0,-0.04492035297090808,-0.004531941836415604,-0.0011059371656601286,-0.06650758610105799,0.00633626377444731,0.041744584704544126,-0.00926715776411792,-0.015112564227180896,-0.05224918164833047,0.0,-0.01595399488506615,-0.0012714365008841893,0.007215506222033401,-0.04711983850248493,0.0,0.000507750021524267,-0.02506481605751504,-0.22188555898163798,-0.16502071355391953,0.27405500826667867
0.0,0.0,0.0,0.0,0.0,0.0,0.0,0.0,0.0,0.0,0.0,0.0,0.0,0.0,0.0,0.0,0.0,0.0,0.0,0.01938855144178788,1.594609049781735e-05,0.007735304048660134,0.03919865045576366,0.0001559481530852528,0.016087148754938663,0.00011450528949093176,0.005095171439717318,0.009228550676106971,0.0,0.000465549067400954,0.00010481857039801274,-0.006785319679389379,0.016116601952852205,1.2865219045029109e-05,3.982007275760781e-05,0.007772948805103804,0.11792324401662352,0.7537453361005421
0.0,0.0,0.0,0.0,0.0,0.0,0.0,0.0,0.0,0.0,0.0,0.0,0.0,0.0,0.0,0.0,0.0,0.0,0.0,-0.07769778984753008,-0.004036393334758144,0.0,-0.23935502783232795,0.003711753563853273,0.0,-0.03265594745354583,-0.01919198394080379,-0.012794508375577565,0.0,-0.016630469957132313,0.0,-0.06778327979440633,-0.024486068567929176,0.0,-0.005286683329582657,0.0060435601897051985,0.0,-0.136432811962077,-0.01965291287260549,0.0,-0.1723300294956062,0.0,0.0,-0.015432185302196292,-0.025475943570245737,-0.04387209547164942,0.0,-0.03935483501389189,0.0,0.0,-0.035944845075610236,0.0,0.0,-0.00166717991615303
0.0,0.017964365887526913,2.230127920777852e-06,0.013322586266911263,0.03048848481907078,4.205270584357407e-05,0.02485532168676975,-7.318944103127579e-06,0.0027088271170744435,0.004702058194991648,0.0,5.810470093873282e-05,1.4983037033085522e-05,-0.0028020926179483114,0.008853677546111507,0.0,3.4467822263714996e-06,0.008411863100734966,0.10864252038157468,0.10881869769599092,0.668292434344586
0.0,-0.03573915397435889,-0.00304133423444415,-0.0016354621521215604,-0.08445860063700357,0.004252194011151844,0.007565054253523013,-0.006219083382212686,-0.010712291841576153,-0.03903143467260483,0.0,-0.010706543148946295,-0.0008532464662254666,0.004842243542399803,-0.04725441382895535,0.0,0.00034074522108670145,-0.02092768816107922,-0.23994497441555052,-0.20178362826895468,-0.28062240218892626
0.0,0.0,0.0,0.0,0.0,0.0,0.0,0.0,0.0,0.0,0.0,0.0,0.0,0.0,0.0,0.0,0.0,0.0,0.0,-0.030004036818532327,2.1594736062600234e-06,0.0010475410842403208,-0.10177911918648548,2.111902729880386e-05,0.0019477943058033406,-0.0017930397690533511,0.0006900053806257705,-0.006319421268175696,0.0,-0.005420026544184673,1.4194885966024037e-05,-0.003167451263762481,-0.03749463374585018,1.7422515550314285e-06,-0.0024048593853116377,-0.011741010955917423,-0.20979902939933098,-0.5863389069063067
0.0,0.0,0.0,0.0,0.0,0.0,0.0,0.0,0.0,0.0,0.0,0.0,0.0,0.0,0.0,0.0,0.0,0.0,0.0,-0.06721164472513788,-0.00228956356477421,0.0,-0.2167562969013414,0.0021054181335696033,0.0,-0.024308215490295222,-0.010886269875685696,-0.03039655358601541,0.0,-0.01521808320116936,0.0,-0.044233493723906225,-0.054382700814105574,0.0,-0.008783546624825807,-0.02549581615654424,0.0,-0.18729962903200112,-0.011147722613484031,0.0,-0.15270618965736343,0.0,0.0,-0.008753599132298097,-0.014450720566402243,-0.02488557060017117,0.0,-0.02232324475654854,0.0,0.0,-0.07534441563646159,0.0,0.0,-0.0009456745355011386
0.0,-0.027278027193252494,2.355257363664533e-07,0.0014070098453031466,-0.0840612375989234,4.441222594332175e-06,0.002624991996360311,-7.729600097167458e-07,0.00028608157204535893,-0.0014295701635666535,0.0,-0.007761270244690363,1.5823714852161752e-06,-0.0002959314221666209,-0.032868713095947855,0.0,-0.0006471729841664947,-0.0069676303095981456,-0.16151621518664805,-0.18239824588212783,-0.49044003854189855
0.0,-0.05478547971636141,-0.004194134730310036,-0.002255374807094914,-0.050316200172021076,0.005863964039272313,0.010432545171142447,-0.007274170772694751,-0.01477272532072844,-0.05833744697580895,0.0,-0.043198837813154894,-0.0011766647009662154,0.003376857751149485,-0.09331240264536916,0.0,-0.0013619527494411383,-0.029586423827385105,-0.32144686256808636,-0.2700504177448678,-0.028116350622309508
0.0,0.0,0.0,0.0,0.0,0.0,0.0,0.0,0.0,0.0,0.0,0.0,0.0,0.0,0.0,0.0,0.0,0.0,0.0,0.01729513673882361,1.005181515664144e-06,0.00048760444754903813,0.03722567266928766,9.830384501123636e-06,0.0016441148829926114,0.0029604140517747904,0.003276899126472815,0.015539849358174231,0.0,0.00676608011881621,0.0020141096796760793,-0.0014743701672812718,0.0030929255243201904,8.109749772713045e-07,0.008528922342413283,0.006243761421286224,0.1828484535763978,0.7105424339304957
0.0,0.0,0.0,0.0,0.0,0.0,0.0,0.0,0.0,0.0,0.0,0.0,0.0,0.0,0.0,0.0,0.0,0.0,0.0,-0.06721164472513788,-0.00228956356477421,0.0,-0.2167562969013414,0.0021054181335696033,0.0,-0.024308215490295222,-0.010886269875685696,-0.03039655358601541,0.0,-0.01521808320116936,0.0,-0.044233493723906225,-0.054382700814105574,0.0,-0.008783546624825807,-0.02549581615654424,0.0,-0.18729962903200112,-0.011147722613484031,0.0,-0.15270618965736343,0.0,0.0,-0.008753599132298097,-0.014450720566402243,-0.02488557060017117,0.0,-0.02232324475654854,0.0,0.0,-0.07534441563646159,0.0,0.0,-0.0009456745355011386
0.0,0.009653481137097358,1.380108280263454e-07,0.0008244644376756332,0.06471561517383186,2.6024196639785976e-06,0.006270213407346676,0.005885509389432685,0.0016746162044502491,0.014526279267560779,0.0,-0.003923289113332248,0.004114128222310466,-0.0001734066995917757,-0.0011456764308151945,0.0,0.001463169855333656,0.013239537978295239,0.12602791170731661,0.17456750087008596,0.5717318421712723
0.0,-0.049861305428161896,-0.002879126363108002,-0.0015482356870582905,-0.05444016781906653,0.004025405606495191,0.007161576288783407,-0.005874320347523016,-0.011322916404947259,-0.05132545409476883,0.0,-0.03547852806696355,-0.001963239202897264,0.002318094386796537,-0.0743285086414203,0.0,-0.004884729428340913,-0.02756129789824601,-0.2939348889902654,-0.2570477564960822,-0.11397457652683723
0.0,0.0,0.0,0.0,0.0,0.0,0.0,0.0,0.0,0.0,0.0,0.0,0.0,0.0,0.0,0.0,0.0,0.0,0.0,-0.04319855141383986,3.370440365674525e-07,0.000163497008937321,-0.15901399112942347,3.296193196588664e-06,0.0005512826371248216,0.0009926464885915878,0.0010987660355861377,0.005210614673777183,0.0,0.0022687115903418224,0.0006753443492035153,-0.11524683674522447,-0.0057120231544378845,2.719252947206465e-07,0.0028598042931161378,0.002093574662884651,-0.28068500362120685,-0.38018886812759883
0.0,0.0,0.0,0.0,0.0,0.0,0.0,0.0,0.0,0.0,0.0,0.0,0.0,0.0,0.0,0.0,0.0,0.0,0.0,-0.06228719808349745,-0.0013226774626845352,0.0,-0.2328115440636616,0.001216296921232008,0.0,-0.014042819898849724,-0.006288981899784483,-0.01756004375247395,0.0,-0.008791464008744327,0.0,-0.08591938908970627,-0.03938650992135119,0.0,-0.005074241808281755,-0.026483838008274408,0.0,-0.13784044285310107,-0.006440022757161651,0.0,-0.2273021888575406,0.0,0.0,-0.005056941186434103,-0.008348159757083255,-0.014376357086262984,0.0,-0.012896105261174212,0.0,-0.014693678715779791,-0.05655852111451456,0.0,0.0,-0.01523999348702545
0.0,-0.037110072577193794,8.658308030553702e-09,5.1723963718775666e-05,-0.09022921673531376,1.6326654508003847e-07,0.0003933708671594355,0.00036923590662535957,0.00010505945901809327,0.0009113270475587464,0.0,-0.0002461331920250782,0.0002581057583333855,-1.087891900293994e-05,-7.187566065069698e-05,0.0,9.179406782546903e-05,0.0008306014798810704,-0.12409839914039694,-0.1210531981177094,-0.624156287894736
0.0,-0.03718450751978912,-0.0020382006988410896,-0.0010960321505050067,-0.06468335143591646,0.00284967850852525,0.00506984687564912,-0.004158568373710769,-0.008015756593805684,-0.03633448595544325,0.0,-0.025116077441588048,-0.0013898228179946418,-0.03947831957905253,-0.05348112750386002,0.0,-0.00345801388298448,-0.021042815626278227,-0.27962690203703033,-0.2535136406702288,-0.16138419418193106
0.0,0.0,0.0,0.0,0.0,0.0,0.0,0.0,0.0,0.0,0.0,0.0,0.0,0.0,0.0,0.0,0.0,0.0,0.0,0.019226920905531096,1.3001592123838413e-07,6.306954560951532e-05,0.05974211430358903,1.271518106057344e-06,0.00021265921408511587,0.0013432117433908658,0.00042385285850796823,0.025780156953083756,0.0,0.002378879649101407,0.0022416375535658454,-0.029530385742998533,0.0369548748059749,1.0489613779013851e-07,0.007156900950810325,0.011013003551012613,0.14725719924132405,0.6566338822498807
0.0,0.0,0.0,0.0,0.0,0.0,0.0,0.0,0.0,0.0,0.0,0.0,0.0,0.0,0.0,0.0,0.0,0.0,0.0,-0.05645245644228245,-0.0017215150066185998,0.0,-0.2212224610592848,0.0015830566872706306,0.0,-0.017044657770764866,-0.008185349053168173,-0.012349708795524739,0.0,-0.010209818420313503,0.001232606243431111,-0.10086010398051762,-0.02170812116386176,0.0,-0.004139106152119512,-0.030629398861553914,0.0,-0.1450825939493478,-0.00838193447170218,0.0,-0.22327334808598678,0.0,0.0,-0.006581801221867724,-0.010865447325532887,-0.006194419556688145,0.0,-0.016784771314531346,0.007703789021444443,-0.019124381510445602,-0.04683470411165863,0.0,0.007703789021444443,-0.013991210270435976
0.0,0.010864521843018126,1.3012727116553818e-09,7.773687686829902e-06,0.0855065326182559,2.4537623181017836e-08,5.912041627399255e-05,0.0018944765529647274,1.578957535803667e-05,0.016320240915715413,0.0,-3.699180083275298e-05,0.0019955369993600917,0.012538100862908854,0.0136385245846459,0.0,1.379589581839898e-05,0.004875451972633505,0.1477768210213135,0.14823448976887307,0.5562061752980914
0.0,0.007644504924466629,-0.0017118002019435117,-0.0009205119287996736,0.0889936174268905,0.0023933267460565883,0.004257954042746352,-0.0034926090379429377,-0.006732101389136272,0.014685282990545372,0.0,-0.017085741430774938,0.0006286170648872939,-0.0033750486659300896,0.025430296137310474,0.0,0.009152755437741453,-0.0033336870625009056,0.1248751977785145,0.14680664256042986,0.5383938491502978
0.0,0.0,0.0,0.0,0.0,0.0,0.0,0.0,0.0,0.0,0.0,0.0,0.0,0.0,0.0,0.0,0.0,0.0,0.0,-0.03869050693215731,2.1956982302442084e-08,1.065113321184819e-05,-0.08587182341459085,2.1473293644358268e-07,3.59137139178276e-05,-0.0021946137476668614,-0.006296613695064736,-0.025240924830188395,0.0,-0.010279452618151127,0.000378565914261306,-0.004987067360423261,-0.013655192053798374,1.771477384550218e-08,0.001208651571442161,-0.02771441240091948,-0.22886486427375413,-0.554553021675651
0.0,0.0,0.0,0.0,0.0,0.0,0.0,0.0,0.0,0.0,0.0,0.0,0.0,0.0,0.0,0.0,0.0,0.0,0.0,-0.05645245644228245,-0.0017215150066185998,0.0,-0.2212224610592848,0.0015830566872706306,0.0,-0.017044657770764866,-0.008185349053168173,-0.012349708795524739,0.0,-0.010209818420313503,0.001232606243431111,-0.10086010398051762,-0.02170812116386176,0.0,-0.004139106152119512,-0.030629398861553914,0.0,-0.1450825939493478,-0.00838193447170218,0.0,-0.22327334808598678,0.0,0.0,-0.006581801221867724,-0.010865447325532887,-0.006194419556688145,0.0,-0.016784771314531346,0.007703789021444443,-0.019124381510445602,-0.04683470411165863,0.0,0.007703789021444443,-0.013991210270435976
0.0,-0.021000612449431664,1.8238437435505686e-10,1.0895480651326831e-06,-0.06069117126642605,3.439155383760383e-09,8.286226274602952e-06,-0.003494551895649855,-0.006942232880031903,-0.03297454887371401,0.0,-0.002140031845368521,0.0002796913851114742,0.0017573208605697979,-0.016837469423994153,0.0,1.933611459741885e-06,-0.02822690000213653,-0.17024743113771507,-0.20407726819061367,-0.4513043627943078
0.0,-0.03537241752281326,-0.0003390213921793832,-0.00018230704451669015,-0.07290516654097691,0.00047399747030467615,0.0008432862116552888,-0.0051497486720270625,-0.005329003608280304,-0.033121965361677476,0.0,-0.012040708300881643,0.00012449737547866048,-0.0006684271307467393,-0.013857664617122758,0.0,0.0018126998041345765,-0.02761200939483029,-0.21677058742099606,-0.21244853090590454,-0.36092755611234756
0.0,0.0,0.0,0.0,0.0,0.0,0.0,0.0,0.0,0.0,0.0,0.0,0.0,0.0,0.0,0.0,0.0,0.0,0.0,0.011527186516403734,8.416800630754298e-09,0.0012601251204404024,0.04789657281631358,8.231387583261163e-08,0.00551222494834832,0.0006386715249918437,0.004892736185473458,-0.0034570706698246727,0.0,0.003151895104118456,0.00014511619957822047,-0.001911699482499293,0.016903627231355925,6.790628949949522e-09,0.008275363442937165,0.0057431151157371916,0.12816567147140814,0.7604793318995946
0.0,0.0,0.0,0.0,0.0,0.0,0.0,0.0,0.0,0.0,0.0,0.0,0.0,0.0,0.0,0.0,0.0,0.0,0.0,-0.05645245644228245,-0.0017215150066185998,0.0,-0.2212224610592848,0.0015830566872706306,0.0,-0.017044657770764866,-0.008185349053168173,-0.012349708795524739,0.0,-0.010209818420313503,0.001232606243431111,-0.10086010398051762,-0.02170812116386176,0.0,-0.004139106152119512,-0.030629398861553914,0.0,-0.1450825939493478,-0.00838193447170218,0.0,-0.22327334808598678,0.0,0.0,-0.006581801221867724,-0.010865447325532887,-0.006194419556688145,0.0,-0.016784771314531346,0.007703789021444443,-0.019124381510445602,-0.04683470411165863,0.0,0.007703789021444443,-0.013991210270435976
0.0,0.005069128108446679,7.282700554450259e-11,0.005041797778359762,0.053418656626350834,1.3732721845673794e-09,0.01624412041847173,-0.0013953922926785425,0.0028802542044006584,-0.00185179506861095,0.0,0.0040309726518938625,0.00011168218837985226,0.0007017071309356845,-0.0022262347405596922,0.0,0.00037903766635327045,0.006883371094573276,0.0892920039368962,0.10562399693753755,0.7048086291214817
0.0,-0.06263173160087494,-0.0005432607451409052,-0.0002460513685632263,-0.012995221988285439,0.0007595515352505305,0.03073762267627683,-0.008252152711866372,-0.015274977204510331,-0.050314487276968,0.0,-0.026490370308877645,0.00019949931930796102,-0.0010711130020070573,-0.02059932939331104,0.0,0.008123073841995725,-0.03606347083135581,-0.21620980719966848,-0.15462651249551904,0.3546978808006529
0.0,0.0,0.0,0.0,0.0,0.0,0.0,0.0,0.0,0.0,0.0,0.0,0.0,0.0,0.0,0.0,0.0,0.0,0.0,-0.03536400199270378,-0.004232274207364046,0.0001788398740662228,-0.09569246440413225,1.1682175800655507e-08,0.0007823077245240345,9.064174124177846e-05,-0.01048651934512534,-0.02659140403333628,0.0,-0.0022112635172931144,2.0595226963230157e-05,-0.00027131281581240933,-0.022097095263727044,9.637417797170694e-10,0.0011744587358673343,-0.010463508730271465,-0.214028113601917,-0.5763004025652757
0.0,0.0,0.0,0.0,0.0,0.0,0.0,0.0,0.0,0.0,0.0,0.0,0.0,0.0,0.0,0.0,0.0,0.0,0.0,-0.05645245644228245,-0.0017215150066185998,0.0,-0.2212224610592848,0.0015830566872706306,0.0,-0.017044657770764866,-0.008185349053168173,-0.012349708795524739,0.0,-0.010209818420313503,0.001232606243431111,-0.10086010398051762,-0.02170812116386176,0.0,-0.004139106152119512,-0.030629398861553914,0.0,-0.1450825939493478,-0.00838193447170218,0.0,-0.22327334808598678,0.0,0.0,-0.006581801221867724,-0.010865447325532887,-0.006194419556688145,0.0,-0.016784771314531346,0.007703789021444443,-0.019124381510445602,-0.04683470411165863,0.0,0.007703789021444443,-0.013991210270435976
0.0,-0.037878778726970916,-0.008170821246422105,0.0007846217817670572,-0.08816261771026075,2.1371330538705918e-10,0.002527965473086941,-0.0002171557121241075,-0.00883678634270638,-0.021769203079759516,0.0,-0.003088209285273532,1.7380363412106485e-05,0.00010920205917749521,-0.018746097809927677,0.0,5.898713558235638e-05,-0.015409667064986565,-0.19878044903139505,-0.19623880852709483,-0.39918690797789436
0.0,-0.04306127919685207,-0.006719473972309251,-8.39068383655986e-05,-0.07398363196934127,0.00025901732744165507,0.010481944289524979,-0.0028140954785418446,-0.015705627020219007,-0.052149178406937766,0.0,-0.011382066249443233,6.803196111838982e-05,-0.0003652639936753813,-0.032030573598733396,0.0,0.0027700778413553744,-0.027049920662265314,-0.2591138962122804,-0.24509211343503193,-0.2168345822912092
0.0,0.0,0.0,0.0,0.0,0.0,0.0,0.0,0.0,0.0,0.0,0.0,0.0,0.0,0.0,0.0,0.0,0.0,0.0,0.034268074886067666,-0.0010013744244719057,4.231428947918532e-05,0.07909492255189474,2.764053436945652e-09,0.00018509739894501996,2.144622891191367e-05,0.0004238678129490957,0.028772250642245353,0.0,0.00473822093677903,4.872919980300062e-06,0.0015238668400183164,0.020030727050619885,2.2802548292464614e-10,0.0011961958502153126,0.011601875520416208,0.17880483443364278,0.6382652117661068
0.0,0.0,0.0,0.0,0.0,0.0,0.0,0.0,0.0,0.0,0.0,0.0,0.0,0.0,0.0,0.0,0.0,0.0,0.0,-0.05645245644228245,-0.0017215150066185998,0.0,-0.2212224610592848,0.0015830566872706306,0.0,-0.017044657770764866,-0.008185349053168173,-0.012349708795524739,0.0,-0.010209818420313503,0.001232606243431111,-0.10086010398051762,-0.02170812116386176,0.0,-0.004139106152119512,-0.030629398861553914,0.0,-0.1450825939493478,-0.00838193447170218,0.0,-0.22327334808598678,0.0,0.0,-0.006581801221867724,-0.010865447325532887,-0.006194419556688145,0.0,-0.016784771314531346,0.007703789021444443,-0.019124381510445602,-0.04683470411165863,0.0,0.007703789021444443,-0.013991210270435976
0.0,0.03721974152164269,-0.0022242992882501567,0.00021359342201914528,0.06843416738875362,5.817803850135371e-11,0.0006881746195304995,-5.911514661131719e-05,-0.002405591430739897,0.03829147371944387,0.0,0.00815244498861346,4.731364057683411e-06,2.972749680582181e-05,0.007879684630100928,0.0,1.6057754751299174e-05,-0.0002051883483784525,0.15603580172446924,0.15672769902514486,0.5213818827947821
0.0,0.022247726320320117,-0.005860362540195653,-7.317901586498994e-05,0.07396008027669193,0.00022590093350402624,0.009141786085621112,-0.002454302196115657,-0.008145354695003278,0.041934124274071775,0.0,-0.004854078170926383,5.933380471704428e-05,-0.00031856354152701963,0.02110583850209633,0.0,0.006292917805856094,0.0022650928070345995,0.14911847502466552,0.16134751718974855,0.49050302194240814
0.0,0.0,0.0,0.0,0.0,0.0,0.0,0.0,0.0,0.0,0.0,0.0,0.0,0.0,0.0,0.0,0.0,0.0,0.0,-0.007412126690215582,-0.00026951318591488394,1.1388606188213909e-05,-0.0748819284786789,-0.0022216023479947073,-0.00014902307982009877,5.7721081532094895e-06,-0.007884239141306171,0.002633735649949541,0.0,-0.026870658128012318,1.311513612195124e-06,-0.014952607078128897,-0.012581079510042352,6.137152384854574e-11,-0.00015843620688272097,-0.01978893789336536,-0.2804429008301322,-0.5497072270671961
0.0,0.0,0.0,0.0,0.0,0.0,0.0,0.0,0.0,0.0,0.0,0.0,0.0,0.0,0.0,0.0,0.0,0.0,0.0,-0.04933970912210983,-0.002270648493472013,0.0,-0.19768528651609177,0.003005772758594129,0.0027871937739818204,-0.02248160854836379,-0.0069953843267463855,-0.010381592847491185,0.0,0.01386698347906754,0.0016257862980750212,-0.11827228018796679,-0.020938800875997726,0.0,-0.0054594093647149546,-0.030962251341490787,0.0,-0.16370206265931647,-0.011055626472832893,0.0,-0.1721030624470813,0.0,0.006967984434954551,-0.008681281877479002,-0.014331336936226157,0.007852055427724063,0.0,-0.022138822811352116,0.010161164362968883,-0.025224728159978234,-0.05090633778052658,0.0,0.010161164362968883,-0.010500344758550384
0.0,0.006048861522007849,-0.0003614876898138119,3.4712681469169156e-05,-0.06072868172846019,-0.010921438000026526,0.00011184045902306721,-9.607249300673483e-06,-0.0087718379274267,-0.0002026035237412623,0.0,-0.012649544121742476,7.689297352720842e-07,-0.004544842736438027,-0.010846309804296123,0.0,2.609667097996693e-06,-0.031439283858772225,-0.13427681104382624,-0.1957281066640735,-0.5233037755693608
0.0,-0.0037841807501317447,-0.0015525767084757919,-1.9387202549651594e-05,-0.06565000019595742,-0.0052648856339596465,-0.0012248123739109814,-0.0006502144533063204,-0.006435590434260273,-0.0011349393752635867,0.0,-0.022245254456694584,1.5719212351981644e-05,-0.011611691801435283,-0.013982939816905961,0.0,0.0016671729004326368,-0.0243539917642243,-0.1579253629569829,-0.23724201282649357,-0.44521223362232765
0.0,0.0,0.0,0.0,0.0,0.0,0.0,0.0,0.0,0.0,0.0,0.0,0.0,0.0,0.0,0.0,0.0,0.0,0.0,0.038410069669317655,-7.383934083364119e-05,3.1201708038775476e-06,0.08618229111928175,-0.0006086590992331088,0.0013235348371828245,0.006609673886023756,-0.002160068789186061,0.010852311643981528,0.0,-0.007361835292782909,0.002026235850523609,-0.004096610882490042,0.04208299268489228,1.6814141584760397e-11,-4.3407245700019933e-05,0.016009904948266603,0.15739540388207696,0.6247318375358542
0.0,0.0,0.0,0.0,0.0,0.0,0.0,0.0,0.0,0.0,0.0,0.0,0.0,0.0,0.0,0.0,0.0,0.0,0.0,-0.04933970912210983,-0.002270648493472013,0.0,-0.19768528651609177,0.003005772758594129,0.0027871937739818204,-0.02248160854836379,-0.0069953843267463855,-0.010381592847491185,0.0,0.01386698347906754,0.0016257862980750212,-0.11827228018796679,-0.020938800875997726,0.0,-0.0054594093647149546,-0.030962251341490787,0.0,-0.16370206265931647,-0.011055626472832893,0.0,-0.1721030624470813,0.0,0.006967984434954551,-0.008681281877479002,-0.014331336936226157,0.007852055427724063,0.0,-0.022138822811352116,0.010161164362968883,-0.025224728159978234,-0.05090633778052658,0.0,0.010161164362968883,-0.010500344758550384
0.0,0.0413312642947219,-7.417957810017062e-05,7.123263498778744e-06,0.07631474771397394,-0.002241148691692418,0.0013878464717786189,0.003221667379139582,-0.0018000370550785077,0.005851547675953264,0.0,-0.0025957670829500445,0.0010772595134515032,-0.0009326306986947251,0.025022105528959292,0.0,5.355203227279983e-07,0.009623549117850088,0.15619389000886333,0.14358369245229735,0.5287199472984923
0.0,0.02668411926476558,-0.000529650048335137,-6.613800600929317e-06,0.0652613612059136,-0.001796076751172761,0.009888393354678168,0.005317038631314172,-0.002195454025532453,0.010958790891391821,0.0,-0.007588803847110796,0.006949423116886408,-0.003961242681477987,0.03461958105367098,0.0,0.0005687436907153278,0.014523593025171562,0.17728228515132363,0.13105572673989982,0.5007783195534197
0.0,0.0,0.0,0.0,0.0,0.0,0.0,0.0,0.0,0.0,0.0,0.0,0.0,0.0,0.0,0.0,0.0,0.0,0.0,-0.027271436881902263,-0.006792102512819655,5.327851674013145e-07,-0.08087428290541311,-0.00010393166286673956,0.0002260003615550774,-0.0032818858823510997,-0.00036884282425008396,-0.03261900917178363,0.0,-0.004065420142436433,0.000345990163575075,-0.0006995173187612329,-0.0291268597433264,2.8711009114671336e-12,-0.0003832324508649416,-0.0159952730169045,-0.220675754966399,-0.5771523638220788
0.0,0.0,0.0,0.0,0.0,0.0,0.0,0.0,0.0,0.0,0.0,0.0,0.0,0.0,0.0,0.0,0.0,0.0,0.0,-0.04933970912210983,-0.002270648493472013,0.0,-0.19768528651609177,0.003005772758594129,0.0027871937739818204,-0.02248160854836379,-0.0069953843267463855,-0.010381592847491185,0.0,0.01386698347906754,0.0016257862980750212,-0.11827228018796679,-0.020938800875997726,0.0,-0.0054594093647149546,-0.030962251341490787,0.0,-0.16370206265931647,-0.011055626472832893,0.0,-0.1721030624470813,0.0,0.006967984434954551,-0.008681281877479002,-0.014331336936226157,0.007852055427724063,0.0,-0.022138822811352116,0.010161164362968883,-0.025224728159978234,-0.05090633778052658,0.0,0.010161164362968883,-0.010500344758550384
0.0,-0.019713795132045808,-0.014995300544299227,1.2022606356956802e-06,-0.05734526047200166,-0.0003782598876518635,0.00023423999150033357,-0.009594327915920272,-0.0003038092995556736,-0.022272298699273888,0.0,-0.0025951242582768915,0.00018181928938519146,-0.00015740891473048306,-0.04185222059266633,0.0,9.038483607145824e-08,-0.011533657457912985,-0.18032411012800298,-0.22570109799198568,-0.41279855438244906
0.0,-0.02691050735496555,-0.01403455917584142,-1.8358136616650843e-06,-0.06263178681388869,-0.0004985427345267545,0.0027447527840324774,-0.0035773098297181834,-0.0006093991544080953,-0.04454908082091266,0.0,-0.004692683026175033,0.0019289734705456017,-0.0010995347260403202,-0.05099878836588209,0.0,0.00015786799457702302,-0.023346606091608726,-0.22947196277526452,-0.264470019999632,-0.2682473862313427
0.0,0.0,0.0,0.0,0.0,0.0,0.0,0.0,0.0,0.0,0.0,0.0,0.0,0.0,0.0,0.0,0.0,0.0,0.0,0.04062081515486804,-0.009007223571104459,7.065433875731877e-07,0.08509756877903231,-0.00013782708988718643,0.00029970628091005575,-0.0001748784204743361,-0.000489134222333595,-0.01584775500392695,0.0,-0.005391283194604606,0.000458828580817454,-0.0009276522063749466,0.01033644782234641,3.807458405696318e-12,-0.0005082167647098482,0.05621778769798152,0.134467539599607,0.6398789153701759
0.0,0.0,0.0,0.0,0.0,0.0,0.0,0.0,0.0,0.0,0.0,0.0,0.0,0.0,0.0,0.0,0.0,0.0,0.0,-0.04933970912210983,-0.002270648493472013,0.0,-0.19768528651609177,0.003005772758594129,0.0027871937739818204,-0.02248160854836379,-0.0069953843267463855,-0.010381592847491185,0.0,0.01386698347906754,0.0016257862980750212,-0.11827228018796679,-0.020938800875997726,0.0,-0.0054594093647149546,-0.030962251341490787,0.0,-0.16370206265931647,-0.011055626472832893,0.0,-0.1721030624470813,0.0,0.006967984434954551,-0.008681281877479002,-0.014331336936226157,0.007852055427724063,0.0,-0.022138822811352116,0.010161164362968883,-0.025224728159978234,-0.05090633778052658,0.0,0.010161164362968883,-0.010500344758550384
0.0,0.02116726648900221,-0.00944840467463616,7.575336670898957e-07,0.09335665766299103,-0.000238338170025937,0.00014759252234660119,-0.0034875076782858658,-0.00019142752075156295,0.011658575713099834,0.0,-0.0016351645704418224,0.00011456270707552863,-9.91819484628012e-05,-0.024701721302725924,0.0,5.6950676322286296e-08,0.014221211021365263,0.10086493544057992,0.07227330148243585,0.6463250767476107
0.0,-0.045926308887304694,-0.016438012577047037,-2.1502013480773405e-06,-0.034479217810502796,-0.0005839194261585988,0.0032147985711211903,-0.009024428843815992,-0.0007137602855275669,-0.05690938689317895,0.0,-0.0054963167448211425,0.002259315007499526,-0.0012878328010945278,-0.06809802117612736,0.0,0.00018490328394762124,-0.03900593155432551,-0.2785611339106194,-0.314882447085619,-0.1228110855145293
0.0,0.0,0.0,0.0,0.0,0.0,0.0,0.0,0.0,0.0,0.0,0.0,0.0,0.0,0.0,0.0,0.0,0.0,0.0,-0.02305824254757282,-0.001759845350670864,1.3804554598342802e-07,-0.06941625056482738,-2.692887119096106e-05,5.8557079311149386e-05,-0.002480257823327057,-0.0019020952900513518,-0.03678839304122388,0.0,-0.004465878637962936,-0.004824093533691241,-0.004946874654083718,-0.012266574460181687,7.43907145219862e-13,-0.0024466139671185075,-0.008132863731179264,-0.19832059954081233,-0.6290856034331193
0.0,0.0,0.0,0.0,0.0,0.0,0.0,0.0,0.0,0.0,0.0,0.0,0.0,0.0,0.0,0.0,0.0,0.0,0.0,-0.04647695607957556,-0.002648063854458804,0.0,-0.19735227756843762,0.003505376644440165,0.003250466599948378,-0.023452448777070603,-0.005392185058927241,0.0017225108843317517,0.0,0.018937816816672098,0.004661951625083895,-0.13239901112313043,-0.018887268052486837,0.0,-0.0008349727421869413,-0.025044893025514922,0.0,-0.15864251785085215,-0.012893235097935031,0.0,-0.2007091367149116,0.0,0.008126166499870944,-0.010124239315865627,-0.016713417085909964,0.009157183166457129,0.0,0.006450626085429712,0.011850100156915575,-0.029417451037016186,-0.02709847532391725,0.0,0.011850100156915575,-0.0122456573504938
0.0,-0.03158448427634864,-0.0025487502121533633,2.0434815836071686e-07,-0.05368623657228246,-6.429280734011787e-05,3.9813755400737594e-05,-0.005252701071299716,-5.1638445952393214e-05,-0.04983694514220923,0.0,-0.003315318000913119,3.090381223271021e-05,-0.011436792296652443,-0.017275312564065236,0.0,1.5362704430766174e-08,-0.0015926007974523975,-0.17657413471781086,-0.242528396551139,-0.4041531350374576
0.0,0.0051947912404131805,-0.011236955269740912,-1.4698684683463224e-06,0.09974150059800183,-0.0003991648286021498,0.0021976225882292984,-0.0016021294403744776,0.0023452408968122392,0.0174965844063836,0.0,0.002928541689278613,0.00485716559964482,0.004870011429013839,-0.02091953534227892,0.0,0.0015322470366425783,0.010866479568668415,0.1135951322503776,0.12981294563122636,0.570332223865425
0.0,0.0,0.0,0.0,0.0,0.0,0.0,0.0,0.0,0.0,0.0,0.0,0.0,0.0,0.0,0.0,0.0,0.0,0.0,0.011506111561747618,-0.00019173874160933996,0.006464465138977048,0.05906082776653218,-2.933955459862762e-06,0.008525523290857224,0.0006057705366951561,-0.00020723716274073209,0.000345343213029795,0.0,0.01897884586912554,-0.000525594833206855,9.083811869972217e-05,0.00027107656497433113,8.105020128290213e-14,0.0012982133134185083,0.005733617061386513,0.21916157549680088,0.6670192075061501
0.0,0.0,0.0,0.0,0.0,0.0,0.0,0.0,0.0,0.0,0.0,0.0,0.0,0.0,0.0,0.0,0.0,0.0,0.0,-0.04647695607957556,-0.002648063854458804,0.0,-0.19735227756843762,0.003505376644440165,0.003250466599948378,-0.023452448777070603,-0.005392185058927241,0.0017225108843317517,0.0,0.018937816816672098,0.004661951625083895,-0.13239901112313043,-0.018887268052486837,0.0,-0.0008349727421869413,-0.025044893025514922,0.0,-0.15864251785085215,-0.012893235097935031,0.0,-0.2007091367149116,0.0,0.008126166499870944,-0.010124239315865627,-0.016713417085909964,0.009157183166457129,0.0,0.006450626085429712,0.011850100156915575,-0.029417451037016186,-0.02709847532391725,0.0,0.011850100156915575,-0.0122456573504938
0.0,0.004782631385368627,-0.0003298056320391473,0.010773639194184621,0.06863043117932674,-8.319422538650408e-06,0.008874782727003466,0.006959279755802009,-6.681961309366483e-06,0.00242078189402556,0.0,0.0072099751142502425,3.998921227049939e-06,-0.0014799090526455036,-0.0022354075152981397,0.0,0.005386808363790521,0.008663549978189381,0.11964575495397005,0.11111134192836465,0.6414596478257231
0.0,-0.015862323784065577,-0.0014608418092645304,-0.0029710348292093713,-0.05507593935632989,-5.189276422414516e-05,-0.010959307572602446,-0.0031152690752207133,0.00030488916905151614,-0.0034687532474058868,0.0,-0.024131767369111937,0.000631447790985661,0.0006331177918147526,-0.004152216655261241,0.0,5.239105619744886e-05,-0.009819452587706771,-0.1300028213057398,-0.21904673797668436,-0.5182464344038866
0.0,0.0,0.0,0.0,0.0,0.0,0.0,0.0,0.0,0.0,0.0,0.0,0.0,0.0,0.0,0.0,0.0,0.0,0.0,-0.06608618711919786,-5.488722560796706e-05,0.0018505209408372781,-0.09683838310957017,-8.398755196658173e-07,0.002440520451754462,-0.0012238348282508265,-0.002721997169190937,-0.017157644064572864,0.0,0.005432893666945729,-0.00015045703307777004,2.6003364124676562e-05,-0.032458001855581856,2.3201470115255458e-14,0.0003716271757225152,-0.02308729239590594,-0.19896841657991846,-0.5511008068714403
0.0,0.0,0.0,0.0,0.0,0.0,0.0,0.0,0.0,0.0,0.0,0.0,0.0,0.0,0.0,0.0,0.0,0.0,0.0,-0.04647695607957556,-0.002648063854458804,0.0,-0.19735227756843762,0.003505376644440165,0.003250466599948378,-0.023452448777070603,-0.005392185058927241,0.0017225108843317517,0.0,0.018937816816672098,0.004661951625083895,-0.13239901112313043,-0.018887268052486837,0.0,-0.0008349727421869413,-0.025044893025514922,0.0,-0.15864251785085215,-0.012893235097935031,0.0,-0.2007091367149116,0.0,0.008126166499870944,-0.010124239315865627,-0.016713417085909964,0.009157183166457129,0.0,0.006450626085429712,0.011850100156915575,-0.029417451037016186,-0.02709847532391725,0.0,0.011850100156915575,-0.0122456573504938
0.0,-0.03137696149036308,-5.487368235069168e-05,0.0017925383846461279,-0.07785014962156071,-1.384201194213989e-06,0.0014766030685467134,0.0011578980757495064,-0.001761556708998742,-0.007761208376753482,0.0,0.001199609241751209,6.65348046974922e-07,-0.00024623005605053813,-0.014242667973850338,0.0,0.0008962673233051508,-0.03018890416866707,-0.15696035483364476,-0.1583803265500801,-0.5146343704113745
0.0,0.04696961238582406,-0.0006826290881450588,-0.0013883192440470125,0.09157900026123332,-2.424869694925346e-05,-0.0051211172130631085,0.0016029609515568488,0.00014247005674058815,0.01927591762328376,0.0,-0.011276406692384455,0.0002950659181836845,0.00029584628409047505,0.04407274217956307,0.0,2.448154118550759e-05,0.038430896601777224,0.22393652420418778,0.182327660563741,0.3325056413355998
0.0,0.0,0.0,0.0,0.0,0.0,0.0,0.0,0.0,0.0,0.0,0.0,0.0,0.0,0.0,0.0,0.0,0.0,0.0,-0.076963083193302,-0.00010540597421300039,0.0035537588283966453,-0.1516971877807989,-0.004372983236789155,0.004686799759953451,-0.009109552826229796,-0.005227350448953161,-0.01850886555184844,0.0,0.01043338305802309,-0.000288939183445592,-0.09362983423125651,-0.09534877649408104,4.455633407561656e-14,0.0007136765261345566,-0.046167098049086475,-0.42309495600956504,-0.05589892166071108
0.0,0.0,0.0,0.0,0.0,0.0,0.0,0.0,0.0,0.0,0.0,0.0,0.0,0.0,0.0,0.0,0.0,0.0,0.0,-0.04415058710929987,-0.0015413456751462505,0.0,-0.22503861835431793,-0.0037416934755132116,0.0018919833173968925,-0.017595878342968507,-0.0031386029857895315,-0.0005770400508176983,0.0,0.01102304311806526,0.0027135595552066735,-0.10241612625605026,-0.06159477704614754,0.0,-0.00048600853142866275,-0.017409302803544552,0.0,-0.12423372698840031,-0.007504702774966703,0.0,-0.21768741309506126,-0.009595977765732773,0.004729958293492231,-0.015707612002850275,-0.009728297563106796,-0.004674395645205549,0.0,0.003754684616846104,0.006897530282797747,-0.017122872944843825,-0.060923644300695294,0.0,0.006897530282797747,-0.017162455035426225
0.0,0.01842994719588252,-1.1438018885567251e-05,0.00037364155307919076,0.07527928311429331,0.009994642228003787,0.0003077871405929251,0.00209818920593205,-0.0003671836487436187,0.0007377029396641845,0.0,0.00025004979754704546,1.3868694792775312e-07,0.012439142085955647,0.008296013380681163,0.0,0.00018682038695644215,-0.005794449547138819,0.1283699943935381,0.12192430375335787,0.6151176566420865
0.0,-0.008843528703781646,-0.00015004879873683726,-0.0003051666541174715,-0.07709116368761947,-0.007057923353136349,-0.0011256735163435788,-0.005856575796044385,3.1316363807443857e-05,-0.001582431068871263,0.0,-0.002478668588322399,6.485848221316268e-05,-0.042117905451804806,-0.04158560935144856,0.0,5.381291113881182e-06,0.006286665676856266,-0.2067513608048059,-0.19100961889125187,-0.4076335729798786
0.0,0.0,0.0,0.0,0.0,0.0,0.0,0.0,0.0,0.0,0.0,0.0,0.0,0.0,0.0,0.0,0.0,0.0,0.0,-0.02569856010396278,-9.241725324791845e-05,0.0031158445437094737,-0.014285581243215573,0.004623792037145135,0.004109265756252357,0.0009954565349675904,0.009062470090503948,0.006150869802097957,0.0,0.01955336226175046,-0.0002533344612495844,-0.08114357131758422,-0.032832817419315694,3.906585030696713e-14,0.0006257332636534484,-0.006613103402365905,-0.005911731024829529,0.78484183330227
0.0,0.0,0.0,0.0,0.0,0.0,0.0,0.0,0.0,0.0,0.0,0.0,0.0,0.0,0.0,0.0,0.0,0.0,0.0,-0.04192447762649746,-0.0018894176506284173,0.0,-0.2270722252931788,-0.0005212066375804642,0.002319237489828494,-0.01750399112630679,0.00021807581838252866,0.011488997520777615,0.0,0.021643202408903273,0.003326344896093737,-0.12147863881359375,-0.04298072989873465,0.0,-0.0005957606476238246,0.007117411018844285,0.0,-0.1522886140079922,-0.009199440537176536,0.0,-0.14793195186322533,-0.011762974430698684,0.005798093724571235,-0.019254758907077788,-0.01192517513928557,-0.005729983728169193,0.0,0.004602580395821265,0.008455154266952812,-0.020989618936962967,-0.07468163095304292,0.0,0.008455154266952812,0.01859998730801887
0.0,-0.02724369142198228,-1.6714066520280713e-06,5.4599225927024475e-05,-0.062055002376244325,-0.011760506310619562,4.497609938770449e-05,-0.0009324711169060205,-0.004484476076222998,-0.010148850977661612,0.0,-0.0009055152038171632,2.026594724444899e-08,0.001817698067820379,-0.012338468787691358,0.0,2.7299556034783562e-05,-0.01646620127424735,-0.18299957178848977,-0.1724963989976379,-0.4962075936328061
0.0,0.030014343495068953,-5.6897913923301025e-05,-0.00011571799417528381,0.057960995314090484,0.009095970560019005,-0.00042685096700432703,0.0018402931908075915,0.011275456215806811,0.024837755943830503,0.0,0.004560748467586277,2.459408118709922e-05,-0.014795378147369375,0.016269141939372598,0.0,2.0405644108543452e-06,0.03063084516419888,0.20091012172098383,0.20055459580618498,0.39658963069262315
0.0,0.0,0.0,0.0,0.0,0.0,0.0,0.0,0.0,0.0,0.0,0.0,0.0,0.0,0.0,0.0,0.0,0.0,0.0,-0.04291893771782333,-1.4262710133667495e-05,0.00048086678608897775,-0.10093385435308397,0.0007135875956759878,0.0006341810028308039,0.0001536283270702764,0.0013986066394891543,-0.020069198649677322,0.0,-0.006905037353425845,-3.909698525640858e-05,-0.014504330661635496,-0.03161405639220185,6.029013841807371e-15,9.656911287486126e-05,-0.015572818468995418,-0.26331174375401584,-0.5006232393610816
0.0,0.0,0.0,0.0,0.0,0.0,0.0,0.0,0.0,0.0,0.0,0.0,0.0,0.0,0.0,0.0,0.0,0.0,0.0,-0.054881653888987414,-0.001087602916825156,0.0,-0.2229554480029759,-0.00030002146910854046,0.0013350195272648026,-0.010075798645535627,0.00012553068723740644,-0.024135327713500052,0.0,0.004771266276789765,0.001914739396106924,-0.07761376485870451,-0.06317684388952609,0.0,-0.0003429368926821489,-0.018964557176747547,0.0,-0.08766168810758411,-0.005295461465634674,0.0,-0.20046158268093606,-0.006771105000057843,0.0033375488181620065,-0.011083590726030233,-0.00686447237370947,-0.060952199797597445,0.0,0.0026493771039730546,0.004867028970479881,-0.012082225849481598,-0.10064274286875466,0.0,0.004867028970479881,0.010706685439497158
0.0,0.02718342385045723,-6.515628297689165e-07,2.12843631470763e-05,0.0658932077220688,-0.004584586738340793,1.753298908644561e-05,-0.0003635043087042019,-0.0017481789477799626,0.010923840573293445,0.0,0.0016991251543624845,7.90025450629772e-09,0.0007085914701233624,0.0170369022280334,0.0,1.0642159381067213e-05,0.014950005983749447,0.11669739270331496,0.21585056262319818,0.5222687913260678
0.0,-0.03171639298485456,-1.1438867737344858e-05,-2.3264171547418285e-05,-0.06249221630855854,0.0018286716859092123,-8.581495205082862e-05,0.00036997613719127185,0.0022668397387064394,-0.029054867603047145,0.0,-0.008821625161672184,4.944442114345056e-06,-0.004464273359017677,-0.03729710539899785,0.0,4.102390544012002e-07,-0.01747381749923433,-0.18098037502364162,-0.26235684397710357,-0.3607303481144169
0.0,0.0,0.0,0.0,0.0,0.0,0.0,0.0,0.0,0.0,0.0,0.0,0.0,0.0,0.0,0.0,0.0,0.0,0.0,0.018812988929159023,-1.4035805089978959e-06,0.003601983974377797,0.04587666043597399,0.007131406184431436,0.016538233409346043,0.0005142371369998024,0.00013763562468455248,0.004256234491493858,0.0020955123584793438,0.006426664804441253,-3.847499244686849e-06,-0.0014273581683944174,0.006540247486532611,5.933098434682549e-16,9.503279764651558e-06,-0.0003539327839152992,0.14109341638592482,0.745168564525695
0.0,0.0,0.0,0.0,0.0,0.0,0.0,0.0,0.0,0.0,0.0,0.0,0.0,0.0,0.0,0.0,0.0,0.0,0.0,-0.054881653888987414,-0.001087602916825156,0.0,-0.2229554480029759,-0.00030002146910854046,0.0013350195272648026,-0.010075798645535627,0.00012553068723740644,-0.024135327713500052,0.0,0.004771266276789765,0.001914739396106924,-0.07761376485870451,-0.06317684388952609,0.0,-0.0003429368926821489,-0.018964557176747547,0.0,-0.08766168810758411,-0.005295461465634674,0.0,-0.20046158268093606,-0.006771105000057843,0.0033375488181620065,-0.011083590726030233,-0.00686447237370947,-0.060952199797597445,0.0,0.0026493771039730546,0.004867028970479881,-0.012082225849481598,-0.10064274286875466,0.0,0.004867028970479881,0.010706685439497158
0.0,-0.00762732478114892,-2.5040668315438338e-08,-0.005326978348210262,-0.03078013582037711,-0.0066857970134976364,-0.023762875849338765,-0.0011781726955990646,-6.71854918472183e-05,-0.0019478669150088173,-0.002312035713297311,-0.0006214531752189867,3.036202245759015e-10,2.7232376010155313e-05,-0.0027330588779096573,0.0,4.089962948252386e-07,-0.0005896484359902385,-0.08418332320587664,-0.08037269815645712,-0.7517796611213032
0.0,0.01789144991649527,-1.6390117769300678e-06,0.004290015639088097,0.026345139230299477,0.009647817057534477,0.032037437641775524,0.0011068630327533417,0.0003248028662857262,0.008144527031245831,0.0033033579848326844,0.0073662641044197966,7.084616276577051e-07,-0.000639660915649639,0.009421871853539791,0.0,5.878087385564033e-08,-0.0014498749754789197,0.11864735505207427,0.12199808103118992,0.6373681958748868
0.0,0.0,0.0,0.0,0.0,0.0,0.0,0.0,0.0,0.0,0.0,0.0,0.0,0.0,0.0,0.0,0.0,0.0,0.0,-0.03186172924199069,-1.8614156504688625e-07,0.0004776918245631555,-0.09169538992972273,0.0009457605742208997,-0.00013582070825273547,6.819765939519529e-05,-0.0007666651551124185,-0.004006642426024091,0.0002779049349017581,-0.010010171366211748,-0.0009292584414848156,-0.00018929493651709893,-0.021781772415826413,7.868420950056792e-17,1.2603162819164641e-06,-0.03072454839830648,-0.2211216444825847,-0.5849924090822428
0.0,0.0,0.0,0.0,0.0,0.0,0.0,0.0,0.0,0.0,0.0,0.0,0.0,0.0,0.0,0.0,0.0,0.0,0.0,-0.054881653888987414,-0.001087602916825156,0.0,-0.2229554480029759,-0.00030002146910854046,0.0013350195272648026,-0.010075798645535627,0.00012553068723740644,-0.024135327713500052,0.0,0.004771266276789765,0.001914739396106924,-0.07761376485870451,-0.06317684388952609,0.0,-0.0003429368926821489,-0.018964557176747547,0.0,-0.08766168810758411,-0.005295461465634674,0.0,-0.20046158268093606,-0.006771105000057843,0.0033375488181620065,-0.011083590726030233,-0.00686447237370947,-0.060952199797597445,0.0,0.0026493771039730546,0.004867028970479881,-0.012082225849481598,-0.10064274286875466,0.0,0.004867028970479881,0.010706685439497158
0.0,0.020193050436578715,-3.371939087607299e-09,-0.000717322967777728,0.07460058774453862,-0.0009002994647599598,0.0009333490275968443,-0.00015865097984596652,-9.04709823339997e-06,0.006496037667503297,-0.0003113352844821928,0.004844058469045012,0.004133222526369759,3.6670711803825307e-06,0.0052217588357150535,0.0,5.507483170317446e-08,0.01680933292783511,0.13106057322650447,0.18087070613221456,0.5527230550341927
0.0,-0.03120848481573303,-2.571887153940283e-07,0.0006731761337944529,-0.0815024795457261,0.0015139059464426032,-0.002059634844841025,0.00017368556194524308,-0.0009926642888967816,-0.0038879620688269997,0.0005183528322151731,-0.009166236557326206,-0.005450497680859479,-0.0001003736345884219,-0.028645673322927518,0.0,9.22371495401133e-09,-0.02649990811886083,-0.1865003736835974,-0.21994816426260208,-0.40114205565489924
0.0,0.0,0.0,0.0,0.0,0.0,0.0,0.0,0.0,0.0,0.0,0.0,0.0,0.0,0.0,0.0,0.0,0.0,0.0,0.035217328522586376,-5.553983574261951e-08,0.00014253090364393963,0.08821839848967622,0.00028219053026036083,-4.0525391655018546e-05,0.0015795679632793441,-0.00022875308249293089,0.03845187243025801,8.291965543869377e-05,-0.0029867766143195076,-0.00027726672003380474,-5.648072035077761e-05,0.0252557572695227,2.3477336027010617e-17,3.7604582976272897e-07,0.02204185718352752,0.19849570750884662,0.5866105007320115
0.0,0.0,0.0,0.0,0.0,0.0,0.0,0.0,0.0,0.0,0.0,0.0,0.0,0.0,0.0,0.0,0.0,0.0,0.0,-0.054881653888987414,-0.001087602916825156,0.0,-0.2229554480029759,-0.00030002146910854046,0.0013350195272648026,-0.010075798645535627,0.00012553068723740644,-0.024135327713500052,0.0,0.004771266276789765,0.001914739396106924,-0.07761376485870451,-0.06317684388952609,0.0,-0.0003429368926821489,-0.018964557176747547,0.0,-0.08766168810758411,-0.005295461465634674,0.0,-0.20046158268093606,-0.006771105000057843,0.0033375488181620065,-0.011083590726030233,-0.00686447237370947,-0.060952199797597445,0.0,0.0026493771039730546,0.004867028970479881,-0.012082225849481598,-0.10064274286875466,0.0,0.004867028970479881,0.010706685439497158
0.0,-0.039876960242664794,-5.463841290687231e-10,-0.000116233975415119,-0.0782432219495663,-0.00014588322213820388,0.00015123852546295845,-2.570757513610618e-05,-1.4659787025877367e-06,-0.02194678293700445,-5.044831885764395e-05,0.0007849242228290724,0.0006697413955719642,5.942069061953556e-07,-0.0064351052514285655,0.0,8.924246011543026e-09,-0.008784004006415576,-0.1540319274882549,-0.14596076564950541,-0.5427573086505039
0.0,0.025234999040611585,-1.2760058205808658e-07,0.00033398691839252824,0.0843761642192703,0.0007511032498114026,-0.0010218590058517548,8.61716610129834e-05,-0.0004924964956469742,0.05061738444679482,0.00025717350390268924,-0.00454769999610991,-0.002704188150395299,-4.979897417795378e-05,0.014363199346301793,0.0,4.576217098275729e-09,0.027990716644449697,0.19526154736781126,0.1786668941385697,0.4131926158998208
0.0,0.0,0.0,0.0,0.0,0.0,0.0,0.0,0.0,0.0,0.0,0.0,0.0,0.0,0.0,0.0,0.0,0.0,0.0,-0.017678192762518204,-4.814240233109424e-09,-0.006933413771866325,-0.05365332597239104,2.446051534033284e-05,-0.012372662462268596,0.00013691829545535978,-1.9828511886292547e-05,-0.00663443330294025,7.18754630781525e-06,-0.00025889633902775996,-2.403371527915277e-05,-4.895796911748143e-06,-0.00944179262768437,-0.0038766053389080856,3.259597258310798e-08,0.0010733259516920708,-0.13852942907129295,-0.7493214985190364
0.0,0.0,0.0,0.0,0.0,0.0,0.0,0.0,0.0,0.0,0.0,0.0,0.0,0.0,0.0,0.0,0.0,0.0,0.0,-0.054881653888987414,-0.001087602916825156,0.0,-0.2229554480029759,-0.00030002146910854046,0.0013350195272648026,-0.010075798645535627,0.00012553068723740644,-0.024135327713500052,0.0,0.004771266276789765,0.001914739396106924,-0.07761376485870451,-0.06317684388952609,0.0,-0.0003429368926821489,-0.018964557176747547,0.0,-0.08766168810758411,-0.005295461465634674,0.0,-0.20046158268093606,-0.006771105000057843,0.0033375488181620065,-0.011083590726030233,-0.00686447237370947,-0.060952199797597445,0.0,0.0026493771039730546,0.004867028970479881,-0.012082225849481598,-0.10064274286875466,0.0,0.004867028970479881,0.010706685439497158
0.0,0.02485738375609273,-4.4341577982964485e-11,-9.432920194669888e-06,0.051578728109934295,-1.1839092548081096e-05,0.014808292472348874,-2.086287626241052e-06,-1.1897089520691988e-07,0.01227019562198557,-4.0941124489622885e-06,6.37002006200576e-05,5.435258591934401e-05,4.822261567880099e-08,0.004694550978143122,0.009579229489430968,7.242434935554701e-10,-0.0007128622116404093,0.1171650242891177,0.11782003608950806,0.6463588939293806
0.0,-0.013832311251661298,-2.2353580234377823e-08,-0.011044759354662597,-0.04611938788665899,0.0001315812709327455,-0.026539897004517154,1.5095896173157446e-05,-8.627750558052299e-05,-0.0137965211276063,4.505268283986265e-05,-0.000796684271382445,-0.0004737304941226498,-8.723983440528922e-06,-0.012558698310650023,-0.012339485312884374,8.016800113785634e-10,0.004903525675491134,-0.13248953778875994,-0.13539665550278937,-0.5894033652313644
0.0,0.0,0.0,0.0,0.0,0.0,0.0,0.0,0.0,0.0,0.0,0.0,0.0,0.0,0.0,0.0,0.0,0.0,0.0,0.03890542656421572,-2.192158402489823e-09,-0.0031571214816836397,0.08247087651686022,0.0035948242021499243,-0.005633876720837091,0.0026140250178376284,0.0019151368277753034,0.02808525853127667,3.272840421132299e-06,-0.00011788813135463197,0.0009146143365181386,0.0002709758123061238,0.02998338271932244,-0.001765207500111702,0.0019525570431982325,0.006799995768153732,0.1736888426260828,0.6180800419180906
0.0,0.0,0.0,0.0,0.0,0.0,0.0,0.0,0.0,0.0,0.0,0.0,0.0,0.0,0.0,0.0,0.0,0.0,0.0,-0.054881653888987414,-0.001087602916825156,0.0,-0.2229554480029759,-0.00030002146910854046,0.0013350195272648026,-0.010075798645535627,0.00012553068723740644,-0.024135327713500052,0.0,0.004771266276789765,0.001914739396106924,-0.07761376485870451,-0.06317684388952609,0.0,-0.0003429368926821489,-0.018964557176747547,0.0,-0.08766168810758411,-0.005295461465634674,0.0,-0.20046158268093606,-0.006771105000057843,0.0033375488181620065,-0.011083590726030233,-0.00686447237370947,-0.060952199797597445,0.0,0.0026493771039730546,0.004867028970479881,-0.012082225849481598,-0.10064274286875466,0.0,0.004867028970479881,0.010706685439497158
0.0,-0.029716857045670977,-5.1926945797100706e-12,-1.1046578807934718e-06,-0.07542189781258055,-0.007439720396826328,0.001734149833040888,-0.003964149516290448,-0.0011336055288310935,-0.017148756091759306,-4.794478791579683e-07,7.45971842980639e-06,-0.0007156333291716667,5.647189983878214e-09,-0.024008308579776753,0.0011217916752235867,-0.0014177056705674117,-0.0034002478369478868,-0.16598216050303502,-0.1614284727386124,-0.5053455580928676
0.0,-0.061593549498351656,-7.230504991827364e-08,-0.035725457313814823,0.21045229586570674,0.055318244759727894,-0.08584613997476136,-0.005697616749751204,-0.01418056589012455,-0.05941906087744533,0.0001457277289603309,-0.002576960621405109,-0.0029137021074422827,-2.8218659004052544e-05,-0.04403313049099313,-0.03991338712452759,-0.007021076030338495,0.013759306124348393,-0.07851172011034079,-0.08863888660002986,0.19389468169042828
0.0,0.0,0.0,0.0,0.0,0.0,0.0,0.0,0.0,0.0,0.0,0.0,0.0,0.0,0.0,0.0,0.0,0.0,0.0,-0.03831324231070773,-5.104464609404998e-10,-0.0007351391602241307,-0.07654129949841325,0.0008370587132784548,-0.0013118543031653543,-0.009912438553104558,0.00044594168689835725,-0.020850988886091694,7.620844407468644e-07,-0.00037135811729230225,0.00021296893995929864,6.309701171002867e-05,-0.028516515583371482,-0.0004110304803860214,-0.000742060826553395,-0.014510904375429927,-0.19371839226726367,-0.6124808299718195
0.0,0.0,0.0,0.0,0.0,0.0,0.0,0.0,0.0,0.0,0.0,0.0,0.0,0.0,0.0,0.0,0.0,0.0,0.0,-0.054881653888987414,-0.001087602916825156,0.0,-0.2229554480029759,-0.00030002146910854046,0.0013350195272648026,-0.010075798645535627,0.00012553068723740644,-0.024135327713500052,0.0,0.004771266276789765,0.001914739396106924,-0.07761376485870451,-0.06317684388952609,0.0,-0.0003429368926821489,-0.018964557176747547,0.0,-0.08766168810758411,-0.005295461465634674,0.0,-0.20046158268093606,-0.006771105000057843,0.0033375488181620065,-0.011083590726030233,-0.00686447237370947,-0.060952199797597445,0.0,0.0026493771039730546,0.004867028970479881,-0.012082225849481598,-0.10064274286875466,0.0,0.004867028970479881,0.010706685439497158
0.0,0.030608316119987173,-1.1205737496464517e-12,-2.3838309851575318e-07,0.07581157230404528,-0.001605477705923221,0.00037422628098567946,0.001499277093102214,-0.00024462994666116727,0.022722998697644815,-1.0346395295563112e-07,1.6097932439272438e-06,-0.0001544323300228919,1.2186530053060847e-09,0.012446957229646758,0.00024208053921354546,0.00042513458540523137,0.007165908093339319,0.17600621300542013,0.14930972730584846,0.5213584370996481
0.0,-0.0727863193605846,-7.429109408807428e-08,-0.03670674888738764,0.16128054825204116,0.05683770263456291,-0.08820412501162214,-0.005914272974927134,-0.014570071605733476,-0.06279033540353698,0.00014973051585843967,-0.0026477434730002936,-0.002993734430074828,-2.8993757054021877e-05,-0.048676561319698004,-0.04100971096200872,-0.005976797173100593,0.012018582262052088,-0.1529350609662037,-0.16164169661103564,-0.07272580881898026
0.0,0.0,0.0,0.0,0.0,0.0,0.0,0.0,0.0,0.0,0.0,0.0,0.0,0.0,0.0,0.0,0.0,0.0,0.0,0.02648984948281807,0.007108917304318026,-0.00018009880157647968,0.07069576909905752,0.00020506766509981303,-0.00032138593701224637,-0.0024284086615251757,0.00033600751919421777,0.0018231220869552173,1.867000180438583e-07,0.012716515800789616,5.2174408513333796e-05,0.011245057623764201,0.006761430232693848,-0.00010069671285958684,0.008289151492118275,0.025483864208445457,0.208487887676776,0.6172492652865668
0.0,0.0,0.0,0.0,0.0,0.0,0.0,0.0,0.0,0.0,0.0,0.0,0.0,0.0,0.0,0.0,0.0,0.0,0.0,-0.043756495614173226,0.005006756319387581,0.0,-0.21529231174160268,-0.00036433875204901965,0.0016212151416029595,-0.012235804042021984,0.0001524414038362915,-0.020562225128738138,0.0,0.014541237339141918,0.0023252128061019214,-0.0855051344108962,-0.06797328982334144,0.0,0.005911060570465742,-0.0016279380156339917,0.0,-0.08593773210851578,-0.006430679203210691,0.0,-0.15340552115483355,-0.008222664708109473,0.004053037854007399,-0.013459642156085262,-0.00833604776865979,-0.0576864750786144,0.0,0.0032173389145680673,0.005910401234151504,-0.014672360284930101,-0.1222180914204071,0.0,0.005910401234151504,0.03351842069856738
0.0,-0.03446737560904106,-0.01135057061177588,-6.627153136653366e-08,-0.04717766428997446,-0.0004463297390159985,0.00010403652302927331,0.0004168055097919735,-6.800818214164477e-05,-0.009850292602521906,-2.8763425957195333e-08,-0.009140126058538898,-4.293285500038346e-05,-0.016156578039805584,0.0007179527118119904,6.729943585601004e-05,-0.003553421374567949,-0.038215020149283095,-0.16173598736662345,-0.2513910394838223,-0.4150686782452241
0.0,-0.03705628452161665,0.007906443901323909,-0.031442802491960596,0.1980437752140997,0.048686868551559674,-0.07555517624906209,-0.005066134230647437,-0.012480644504864098,-0.042189721845230795,0.00012825834975469422,0.00903655600505744,-0.0025644167149482563,0.009973558595427694,-0.03031620256135036,-0.035128696523540025,0.0019689308419572004,0.04726424622229781,0.05042380091385386,0.08179874664459601,0.27288103614698306
0.0,0.0,0.0,0.0,0.0,0.0,0.0,0.0,0.0,0.0,0.0,0.0,0.0,0.0,0.0,0.0,0.0,0.0,0.0,-0.03408110298015518,0.0017593771470383545,-4.4572429547068805e-05,-0.08416304223139401,5.0751942683870786e-05,-7.953940786670859e-05,-0.0006010038547167009,8.315808514811103e-05,-0.03770835729270173,4.620615644220439e-08,0.003147194760061666,1.2912579802109382e-05,0.002783025396618833,-0.03406513141147383,-2.492130486303863e-05,-0.0006688370411528092,-0.014354971333835261,-0.18797840353423195,-0.5983678261461945
0.0,0.0,0.0,0.0,0.0,0.0,0.0,0.0,0.0,0.0,0.0,0.0,0.0,0.0,0.0,0.0,0.0,0.0,0.0,-0.043756495614173226,0.005006756319387581,0.0,-0.21529231174160268,-0.00036433875204901965,0.0016212151416029595,-0.012235804042021984,0.0001524414038362915,-0.020562225128738138,0.0,0.014541237339141918,0.0023252128061019214,-0.0855051344108962,-0.06797328982334144,0.0,0.005911060570465742,-0.0016279380156339917,0.0,-0.08593773210851578,-0.006430679203210691,0.0,-0.15340552115483355,-0.008222664708109473,0.004053037854007399,-0.013459642156085262,-0.00833604776865979,-0.0576864750786144,0.0,0.0032173389145680673,0.005910401234151504,-0.014672360284930101,-0.1222180914204071,0.0,0.005910401234151504,0.03351842069856738
0.0,0.01382806877972748,-0.0022650526241098988,-1.3224754169611117e-08,0.08540757285346065,-8.90669184091619e-05,2.07609121647371e-05,8.317523814338564e-05,-1.3571309909394538e-05,0.024761955022959962,-5.739858873274983e-09,-0.0018239494049849946,-8.567426185451799e-06,-0.0032241109929514243,0.02018748272083449,1.3429876699645626e-05,-0.0007090997170382833,0.003068406526205883,0.14071936958759584,0.12282833855413498,0.580925829894823
0.0,-0.05735400613279091,0.005659957314281757,-0.022508844958235824,0.0505322081229947,0.03485329197387109,-0.05408740993800251,-0.003626675133821508,-0.008934473707000887,-0.06575104501985372,9.181583956982656e-05,0.006468966566394943,-0.0018357796910703898,0.007139735211699449,-0.056646730775115665,-0.025147452547699917,-0.001062322018447894,0.013212124068187055,-0.1795584220609082,-0.1570981534761691,-0.2483557448685875
0.0,0.0,0.0,0.0,0.0,0.0,0.0,0.0,0.0,0.0,0.0,0.0,0.0,0.0,0.0,0.0,0.0,0.0,0.0,0.02984960071371339,0.00036842858351769046,-9.333846986481648e-06,0.07481525184116532,1.0627889753635585e-05,0.0014951550842681907,0.00467673042190981,1.741401243658086e-05,-0.002875149441355144,9.675963335351345e-09,0.01387645915421215,2.7040043654418305e-06,0.0005827892595377008,0.014557764789846918,-5.218733837459405e-06,-0.00014006018214508548,0.009854411463386711,0.21954715374581196,0.6272942146123417
0.0,0.0,0.0,0.0,0.0,0.0,0.0,0.0,0.0,0.0,0.0,0.0,0.0,0.0,0.0,0.0,0.0,0.0,0.0,-0.043756495614173226,0.005006756319387581,0.0,-0.21529231174160268,-0.00036433875204901965,0.0016212151416029595,-0.012235804042021984,0.0001524414038362915,-0.020562225128738138,0.0,0.014541237339141918,0.0023252128061019214,-0.0855051344108962,-0.06797328982334144,0.0,0.005911060570465742,-0.0016279380156339917,0.0,-0.08593773210851578,-0.006430679203210691,0.0,-0.15340552115483355,-0.008222664708109473,0.004053037854007399,-0.013459642156085262,-0.00833604776865979,-0.0576864750786144,0.0,0.0032173389145680673,0.005910401234151504,-0.014672360284930101,-0.1222180914204071,0.0,0.005910401234151504,0.03351842069856738
0.0,-0.04214155549916134,-0.0002754771796233938,-1.608403240206761e-09,-0.06327264995860524,-1.0832376793340405e-05,-0.004123837886606847,-0.005006586265449593,-1.6505515756412858e-06,0.003011565143819534,-6.980853853086391e-10,-0.0013684284619971997,-1.0419759687161073e-06,-0.0003921184848762898,-0.009615220626978756,1.6333503762907742e-06,-8.624117075346819e-05,-0.004847272293653315,-0.15423167700454493,-0.17858614577698523,-0.5330132935171586
0.0,0.017142496281028173,0.0024237687021658083,-0.009638983282438007,0.10155338521606806,0.014925257128804947,-0.01635546374589245,0.004062682664608247,-0.0038260178547124073,-0.02198234546284735,3.9318381032819275e-05,0.01783087307625254,-0.0007861376176920276,0.003057455345856133,0.0026900817798960214,-0.010768916626016908,-0.00045491913047445917,0.02102125638579635,0.13350278739622676,0.19405453308060927,0.4238393082197144
0.0,0.0,0.0,0.0,0.0,0.0,0.0,0.0,0.0,0.0,0.0,0.0,0.0,0.0,0.0,0.0,0.0,0.0,0.0,-0.038363202473090066,0.00010452579412492101,-2.6480783851984936e-06,-0.08392105080463509,3.0152074677928174e-06,0.0004241860689279055,-0.010606391243503065,-0.010072618188993764,-0.030989269705413523,2.745139212312649e-09,0.003936849575804992,7.671451571875368e-07,0.00016534143355282816,-0.027897337069621532,-1.4805916888390617e-06,-3.973606397260755e-05,-0.012780659058179171,-0.18947957616870753,-0.5911820566924845
0.0,0.0,0.0,0.0,0.0,0.0,0.0,0.0,0.0,0.0,0.0,0.0,0.0,0.0,0.0,0.0,0.0,0.0,0.0,-0.043756495614173226,0.005006756319387581,0.0,-0.21529231174160268,-0.00036433875204901965,0.0016212151416029595,-0.012235804042021984,0.0001524414038362915,-0.020562225128738138,0.0,0.014541237339141918,0.0023252128061019214,-0.0855051344108962,-0.06797328982334144,0.0,0.005911060570465742,-0.0016279380156339917,0.0,-0.08593773210851578,-0.006430679203210691,0.0,-0.15340552115483355,-0.008222664708109473,0.004053037854007399,-0.013459642156085262,-0.00833604776865979,-0.0576864750786144,0.0,0.0032173389145680673,0.005910401234151504,-0.014672360284930101,-0.1222180914204071,0.0,0.005910401234151504,0.03351842069856738
0.0,0.031662943662385076,-0.00010212709531847159,-5.96280066638177e-10,0.07049399772262166,-4.015865048464176e-06,-0.0015288220443493196,0.009295267786343812,0.017099806940758515,0.03259545120725529,-2.587997771115302e-10,-0.0005073147044918762,-3.862896346699415e-07,-0.00014536928952097773,0.03823586277777961,6.055286677319522e-07,-3.197201408100984e-05,0.00935279364406155,0.21158074558175838,0.1877111115779504,0.3896134057960667
0.0,-0.03667909640092543,0.001842896914774176,-0.007328938828565527,-0.04723072417832289,0.011348323084751295,-0.012435771470302682,-0.015644883517760694,-0.02274711299092311,-0.06773479545316491,2.9895477664411708e-05,0.013557589447620387,-0.0005977346720163442,0.0023247164710490705,-0.04892283091335983,-0.008188076365460577,-0.0003458948295165252,-0.0020356127821226076,-0.25097208384707237,-0.18519116611364614,-0.2647640938318088
0.0,0.0,0.0,0.0,0.0,0.0,0.0,0.0,0.0,0.0,0.0,0.0,0.0,0.0,0.0,0.0,0.0,0.0,0.0,0.014433862972924465,2.5872532171583008e-05,-6.554601549550616e-07,0.045153637707515196,0.010992279998852996,0.005207498724387789,-0.0007514985383107265,-0.002493204096927115,0.009165315680147794,6.794849365234298e-10,0.004523368508673943,1.8988602694458269e-07,4.092579821760272e-05,0.030478974471396247,-3.6648041206638377e-07,-9.835587494075357e-06,0.00495692520753678,0.1410500734822241,0.7306899634317437
0.0,0.0,0.0,0.0,0.0,0.0,0.0,0.0,0.0,0.0,0.0,0.0,0.0,0.0,0.0,0.0,0.0,0.0,0.0,-0.043756495614173226,0.005006756319387581,0.0,-0.21529231174160268,-0.00036433875204901965,0.0016212151416029595,-0.012235804042021984,0.0001524414038362915,-0.020562225128738138,0.0,0.014541237339141918,0.0023252128061019214,-0.0855051344108962,-0.06797328982334144,0.0,0.005911060570465742,-0.0016279380156339917,0.0,-0.08593773210851578,-0.006430679203210691,0.0,-0.15340552115483355,-0.008222664708109473,0.004053037854007399,-0.013459642156085262,-0.00833604776865979,-0.0576864750786144,0.0,0.0032173389145680673,0.005910401234151504,-0.014672360284930101,-0.1222180914204071,0.0,0.005910401234151504,0.03351842069856738
0.0,-0.019746763593328387,-9.592963940013636e-06,-5.6009555148626395e-11,-0.03457021996022211,-0.01767876719767394,-0.0035395845338968513,-0.0009788745830393534,0.0016062126397735903,-0.017456839026380455,-2.430948341155298e-11,-0.001407775305467468,-3.6284812803439725e-08,-1.3654773476240403e-05,-0.021309720910868832,5.6878291271116584e-08,-3.0031832121760338e-06,-0.004448172021423514,-0.11907166969407898,-0.1668011532963948,-0.5913481620160739
0.0,-0.055284959740136815,0.0023850017903932668,-0.009484812789951093,-0.02269146502501258,0.0349987124167934,0.002180045413110889,-0.020057251044748942,-0.029438383001621934,-0.08351936976304346,3.8689504107732935e-05,0.012529832467898976,-0.0007735637579673321,0.0030085529478940786,-0.06672679729644083,-0.010596673441114996,-0.0004476429370905837,-0.0005938952407516756,-0.236562111174915,-0.09150646075626531,0.31704295790013665
0.0,0.0,0.0,0.0,0.0,0.0,0.0,0.0,0.0,0.0,0.0,0.0,0.0,0.0,0.0,0.0,0.0,0.0,0.0,-0.02631227243382722,3.1187846407114593e-06,-7.901194403064577e-08,-0.07207173770806785,0.0013250560014561163,-0.00462237043231894,-0.002625288613631153,-0.00030054138466569034,-0.020462515220855827,8.19079929853813e-11,-0.01623362741733261,2.288966616769512e-08,4.933369105251604e-06,-0.00722957819569859,-4.4177101518096644e-08,-1.1856233864340418e-06,0.0005975287652517112,-0.20919272545191267,-0.6390049433128255
0.0,0.0,0.0,0.0,0.0,0.0,0.0,0.0,0.0,0.0,0.0,0.0,0.0,0.0,0.0,0.0,0.0,0.0,0.0,-0.043756495614173226,0.005006756319387581,0.0,-0.21529231174160268,-0.00036433875204901965,0.0016212151416029595,-0.012235804042021984,0.0001524414038362915,-0.020562225128738138,0.0,0.014541237339141918,0.0023252128061019214,-0.0855051344108962,-0.06797328982334144,0.0,0.005911060570465742,-0.0016279380156339917,0.0,-0.08593773210851578,-0.006430679203210691,0.0,-0.15340552115483355,-0.008222664708109473,0.004053037854007399,-0.013459642156085262,-0.00833604776865979,-0.0576864750786144,0.0,0.0032173389145680673,0.005910401234151504,-0.014672360284930101,-0.1222180914204071,0.0,0.005910401234151504,0.03351842069856738
0.0,0.021748035493434542,-1.3879915679104131e-06,-8.103938548589623e-12,0.0826562849361058,-0.0025579143166661123,-0.0005121371786317749,-0.00014163189560561536,0.00023240049834625983,0.04668452635294765,-3.5173027029480983e-12,0.01055877330818571,-5.249995155752722e-09,-1.975688699057228e-06,-0.003083271564843191,8.229634675490092e-09,-4.3452607572133947e-07,-0.0006435993397825782,0.1550078544124592,0.1481019470000064,0.5280461087303151
0.0,-0.037603750974351986,0.0010826921046438408,-0.004305712458191348,-0.06920315975291685,0.015887966943670243,-0.007738036192771295,-0.009105161863810734,-0.013363807514828725,-0.057197185901039414,1.7563433620366702e-05,-0.00554644441105068,-0.000351165930593179,0.0013657585232046152,-0.03365580389641151,-0.004810451177184439,-0.00020321136681731295,-0.000269603859727655,-0.2214078535249308,-0.19536510233184923,-0.32147235614263925
0.0,0.0,0.0,0.0,0.0,0.0,0.0,0.0,0.0,0.0,0.0,0.0,0.0,0.0,0.0,0.0,0.0,0.0,0.0,0.023998443354886014,1.4951267378218568e-06,-3.787785427228281e-08,0.057346827567073835,0.0006352239366025678,-0.0022159367900121117,0.0008236653146973397,-0.00014407774559681416,0.00883273987744092,3.926620285196495e-11,0.007724160798190716,1.097316931102057e-08,0.00891018091630462,0.006270374899131299,0.0022259075887507336,0.0027383005278310882,0.023317968676576737,0.17782760046791693,0.6769379388652219
0.0,0.0,0.0,0.0,0.0,0.0,0.0,0.0,0.0,0.0,0.0,0.0,0.0,0.0,0.0,0.0,0.0,0.0,0.0,-0.053517994553698045,0.0029028654045455205,0.0,-0.21307353852288247,-0.00021123983101852952,0.0009399637305416632,-0.008589435352981551,8.838394545050503e-05,-0.038574953972861516,0.0,-0.006251187191099051,0.0013481342774567273,-0.06684536876834583,-0.05668058704449585,-0.0052992351523751275,-0.0006564039002130676,-0.041063436833061503,0.0,-0.049825806084651925,-0.0037284411295283567,0.0,-0.18403536014536245,-0.004767415746182757,0.0023499093263541584,-0.01640140838939225,-0.004833154069148166,-0.03344602016428274,0.0,-0.02381156708889514,0.0034267893572460066,-0.008506882371970725,-0.09740402323318924,-0.025676946834586475,0.0034267893572460066,-0.04225049654869404
0.0,-0.055445701325147166,-3.0448619893325415e-07,-1.7777755298352012e-12,-0.04860234255910882,-0.0005611342500092814,-0.00011234845114279184,-3.107004288620343e-05,5.0982114018299265e-05,-0.0296516685996026,-7.71597000499539e-13,-0.01251423590997619,-1.1517008506036693e-09,-0.02083900419100557,-0.0006763828115119245,-0.008307367020863578,-9.532276433995866e-08,-0.03900409734798859,-0.21567937510950919,-0.21719433640092997,-0.3513051782594187
0.0,-0.08368416409990054,0.002076956474391103,-0.008259760395914901,-0.028586217290148885,0.03047830095650587,-0.014844076446771439,-0.0150018793890007,-0.025636140155996204,-0.10406823778040615,3.369239233748625e-05,-0.020030988881316006,-0.0006736507544506457,0.0037825580614535663,-0.06432245155559402,-0.009685364653122207,0.0033943471491660842,-0.008019384765507169,-0.3284070098865055,-0.21869267454145244,-0.030125515949373165
0.0,0.0,0.0,0.0,0.0,0.0,0.0,0.0,0.0,0.0,0.0,0.0,0.0,0.0,0.0,0.0,0.0,0.0,0.0,-0.0355510310387609,2.0974134261647653e-07,-5.313631152148137e-09,-0.09046008378268347,8.911132277605e-05,-0.0003108589698338759,-0.001734147548944816,-2.0211704491791072e-05,-0.0271197872669346,5.5083933002362865e-12,0.001083570921056665,-0.006234664991543217,0.001249949760823627,-0.026518027334677126,0.00031225770658407535,0.0003841378892276427,-0.018115948328705656,-0.19770421397074273,-0.5930970526531305
0.0,0.0,0.0,0.0,0.0,0.0,0.0,0.0,0.0,0.0,0.0,0.0,0.0,0.0,0.0,0.0,0.0,0.0,0.0,-0.053517994553698045,0.0029028654045455205,0.0,-0.21307353852288247,-0.00021123983101852952,0.0009399637305416632,-0.008589435352981551,8.838394545050503e-05,-0.038574953972861516,0.0,-0.006251187191099051,0.0013481342774567273,-0.06684536876834583,-0.05668058704449585,-0.0052992351523751275,-0.0006564039002130676,-0.041063436833061503,0.0,-0.049825806084651925,-0.0037284411295283567,0.0,-0.18403536014536245,-0.004767415746182757,0.0023499093263541584,-0.01640140838939225,-0.004833154069148166,-0.03344602016428274,0.0,-0.02381156708889514,0.0034267893572460066,-0.008506882371970725,-0.09740402323318924,-0.025676946834586475,0.0034267893572460066,-0.04225049654869404
0.0,-0.01042143715832643,-5.30504737977365e-07,-3.0974091598960574e-12,0.08759895156889877,-0.0009776613170456173,-0.00019574412845140053,-5.413317588132793e-05,8.882587497746904e-05,-0.039518704606869924,-1.3443494845027718e-12,-0.021803488846678872,0.0043280470889122185,-0.036307689796088304,0.02066603209057841,-0.014473882823343024,-1.6608036192317888e-07,-0.04654429360719745,-0.05758905062075429,-0.06022855988510429,0.5990169560367621
0.0,-0.06153318997979036,0.0011686128802064317,-0.004647407158070041,-0.04403096951047365,0.017148811495928257,-0.008352114810471226,-0.00844090364793478,-0.01442433866788539,-0.08232814934447939,1.8957240623975018e-05,-0.011270564356357211,-0.004034921310269113,0.0021282805514926434,-0.05009368788351736,-0.005449532536040705,0.0019098511920286494,-0.020101209817304105,-0.2840954945323584,-0.2223640201329707,-0.15640046668482727
0.0,0.0,0.0,0.0,0.0,0.0,0.0,0.0,0.0,0.0,0.0,0.0,0.0,0.0,0.0,0.0,0.0,0.0,0.0,0.02101976671185,4.053535234111235e-08,0.00018856777563448651,0.06011831076898261,0.0014867949327494077,-6.007770196099382e-05,0.0031458267004275207,0.004094651931065466,0.012087349804265669,1.0645715359359954e-12,0.021589536045226822,-0.0012049333670144512,0.00024156970357685966,0.011550263033167358,6.034802676341242e-05,0.0012990793540780773,0.005767399028564233,0.2740133643056608,0.5820524663542509
0.0,0.0,0.0,0.0,0.0,0.0,0.0,0.0,0.0,0.0,0.0,0.0,0.0,0.0,0.0,0.0,0.0,0.0,0.0,-0.053517994553698045,0.0029028654045455205,0.0,-0.21307353852288247,-0.00021123983101852952,0.0009399637305416632,-0.008589435352981551,8.838394545050503e-05,-0.038574953972861516,0.0,-0.006251187191099051,0.0013481342774567273,-0.06684536876834583,-0.05668058704449585,-0.0052992351523751275,-0.0006564039002130676,-0.041063436833061503,0.0,-0.049825806084651925,-0.0037284411295283567,0.0,-0.18403536014536245,-0.004767415746182757,0.0023499093263541584,-0.01640140838939225,-0.004833154069148166,-0.03344602016428274,0.0,-0.02381156708889514,0.0034267893572460066,-0.008506882371970725,-0.09740402323318924,-0.025676946834586475,0.0034267893572460066,-0.04225049654869404
0.0,-0.026517473208509505,-9.474334302549086e-08,-5.531692320886501e-13,-0.03789838024489776,-0.005040455631596079,-3.495812907874172e-05,-0.004374224847513745,-0.0009049236475911009,-0.02190181283965715,-2.4008864622397045e-13,-0.021773990914022642,0.0007729500240444274,-0.006484224668622427,-0.008561882743075228,-0.0025849044260585954,-2.9660448951837184e-08,-0.02259515350847191,-0.16610122648399028,-0.25905160540594246,-0.4153832736779145
0.0,0.0014802667994751506,0.0004902704607739504,-0.0015690250025873534,0.06232869539723338,0.012390681479526615,-0.0035039791584731824,0.0019150988336752058,-0.0009113598886801615,-0.008167605125072303,7.953168455645537e-06,0.020516868776711057,-0.0016927784756426982,0.0008928817269686555,0.0036661790217460116,-0.0022862531063112595,0.0012353532937063488,0.006402313224452735,0.10724827536875603,0.2561608742816835,0.5070907172545519
0.0,0.0,0.0,0.0,0.0,0.0,0.0,0.0,0.0,0.0,0.0,0.0,0.0,0.0,0.0,0.0,0.0,0.0,0.0,-0.012968253106578434,7.207897828824155e-09,3.3530663534000944e-05,-0.059906404566045214,-0.005443487462024654,-0.0023471177101912575,-0.0025997141246059904,-0.0021844492066707545,-0.018147514274864558,-0.00048075627324472984,-0.00877045271849412,-0.006428479881798254,-0.007335485651836071,-0.014336194819348235,1.0730939438280091e-05,-0.003456035442673832,-0.017181428663517212,-0.17316262857372983,-0.6651891428257253
0.0,0.0,0.0,0.0,0.0,0.0,0.0,0.0,0.0,0.0,0.0,0.0,0.0,0.0,0.0,0.0,0.0,0.0,0.0,-0.05761280472645992,0.003531987518514455,0.0,-0.21832597078422925,0.004639210654812514,0.002580645410852371,-0.006991713768624949,0.0035668017595121607,-0.03224639837946516,0.0,0.00074952144283032,0.005099570878646374,-0.07441387359581339,-0.056564577222554764,-0.00644770935178524,0.0026606001248425503,-0.03612583912292401,0.0,-0.007564685621179762,-0.00453648574694142,0.0,-0.1693696526121919,-0.005800631639593033,0.002859192299211352,-0.019955995764282187,-0.005880617069106341,-0.04069459285961083,0.0,-0.02897211755755326,0.004169458638839647,-0.010350532378188355,-0.10132436148520566,-0.031241770834882176,0.004169458638839647,-0.05140721517000164
0.0,0.020307217163364005,-1.650269547465455e-08,-9.635276834860457e-14,0.061307190269414606,0.0063665939454908066,-6.089117611090874e-06,-0.0007619163340770514,0.003965342485192293,0.00863332828891067,-4.181940059356194e-14,0.0057858065123487495,0.00355986771864965,0.007643593039685071,0.006822505074675889,-0.0004502468375308914,-5.166350912506971e-09,0.009486809863392145,0.16213898370290442,0.1894379930863989,0.5133083798418733
0.0,-0.023590588206410867,0.00013232687141212079,-0.000423489046091048,-0.05849194583401538,-0.007616890899814179,-0.003498710439974387,-0.0011541689358387532,-0.005252562589668962,-0.023667981963961988,2.146606789011464e-06,-0.010697144035432107,-0.005730831903604413,-0.006720534996151216,-0.015580705356297629,-0.0006170731157998527,-0.003031588979166899,-0.01794451200273153,-0.1932632030549444,-0.20211035623981718,-0.42044579086829803
0.0,0.0,0.0,0.0,0.0,0.0,0.0,0.0,0.0,0.0,0.0,0.0,0.0,0.0,0.0,0.0,0.0,0.0,0.0,0.057026440639202154,6.678395446652692e-09,3.1067453505406526e-05,0.1013402784303152,-0.005043601164117356,-0.0021746951192642373,0.012196668072578857,0.019266852746551797,-0.011553333179478965,-0.0004454392365757336,-0.008126162841271703,-0.005956234645809833,-0.006796610487499082,0.015570196106022272,9.942629430224107e-06,-0.0032021501846937915,0.005718208681802556,0.1570940152850052,0.5883528688418097
0.0,0.0,0.0,0.0,0.0,0.0,0.0,0.0,0.0,0.0,0.0,0.0,0.0,0.0,0.0,0.0,0.0,0.0,0.0,-0.05761280472645992,0.003531987518514455,0.0,-0.21832597078422925,0.004639210654812514,0.002580645410852371,-0.006991713768624949,0.0035668017595121607,-0.03224639837946516,0.0,0.00074952144283032,0.005099570878646374,-0.07441387359581339,-0.056564577222554764,-0.00644770935178524,0.0026606001248425503,-0.03612583912292401,0.0,-0.007564685621179762,-0.00453648574694142,0.0,-0.1693696526121919,-0.005800631639593033,0.002859192299211352,-0.019955995764282187,-0.005880617069106341,-0.04069459285961083,0.0,-0.02897211755755326,0.004169458638839647,-0.010350532378188355,-0.10132436148520566,-0.031241770834882176,0.004169458638839647,-0.05140721517000164
0.0,-0.049835138937893694,-2.351609090851765e-09,-1.3730123441065057e-14,-0.09229380208215071,0.0009072299869419594,-8.67690029880202e-07,-0.005110422250257767,-0.005582342592756538,0.0003543534956688568,-5.9592011960004074e-15,0.0008244686580592364,0.0005072757539677916,0.0010892004222280514,-0.013232561134720941,-6.415949187761802e-05,-7.361971740338389e-10,-0.008215465767577618,-0.19236283230247464,-0.16256145397319444,-0.46704375341076243
0.0,-0.08057809280880933,0.0003715934672181164,-0.0011892200071424866,0.07500824897679809,-0.021389358553404233,-0.009824897462687375,-0.008244584371804205,-0.0015328535380585075,-0.06413274681061026,6.027990014200957e-06,-0.030039165885499118,-0.016093025357429413,-0.01887225832614807,-0.017125301021600276,-0.0017328327661659663,-0.008513151168218975,-0.07402816520541598,-0.23533411770393078,-0.32909137692485385,0.006606316524321654
