0.0,0.0,0.0,0.0,0.0,0.0,0.0,0.0,0.0,0.0,0.0,0.0,0.0,0.0,0.0,0.0,0.0,0.0,0.0,0.0415360134509256,0.0,0.0,0.10282128790848165,0.0014646954186019962,0.0,0.0,0.007204849789533547,0.0,0.0,0.0,0.0,0.021371860117631446,0.0,0.0,0.015206207442340938,0.03261726694245131,0.22222218106996647,0.5555554526749162
0.0,0.0,0.0,0.0,0.0,0.0,0.0,0.0,0.0,0.0,0.0,0.0,0.0,0.0,0.0,0.0,0.0,0.0,0.0,0.06831808548924756,0.0,0.0,0.1992256518541667,0.01573128532556208,0.0,0.0,0.022892041092532015,0.0,0.0,0.0,0.0,0.07760469062453669,0.0,0.0,0.03862332641809409,0.07760469062453669,0.0,0.05357140408164384,0.0,0.0,0.2678570204082192,0.0,0.0,0.0,0.0,0.0,0.0,0.0,0.0,0.0892856734694064,0.0,0.0,0.03571426938776256,0.05357140408164384
0.0,0.0,0.0,0.0,0.07142856054421935,0.035714280272109676,0.0,0.0,0.0,0.0,0.0,0.0,0.0,0.0,0.0,0.0,0.035714280272109676,0.0,0.1428571210884387,0.1428571210884387,0.5714284843537548
0.0,0.021999996480000564,0.0,0.0,0.08349998664000215,0.001999999680000051,0.0,0.0,0.005999999040000154,0.0,0.0,0.0,0.0,0.023999996160000616,0.0,0.0,0.01799999712000046,0.034499994480000885,0.18999996960000487,0.18999996960000487,0.429999931200011
0.0,0.0,0.0,0.0,0.0,0.0,0.0,0.0,0.0,0.0,0.0,0.0,0.0,0.0,0.0,0.0,0.0,0.0,0.0,-0.03313691875305749,0.0,0.0,-0.07719421724244974,-0.011870089443702124,0.0,-0.0009708655693490987,-0.023601950116859508,-0.003664992683060876,0.0,-0.00031467388842527444,-0.003963934266502214,-0.02641717422244175,-0.014958265495698482,-0.00043582866416855487,-0.0009009301381993571,-0.032169905805203305,-0.2314972648534907,-0.5388952722818964
0.0,0.0,0.0,0.0,0.0,0.0,0.0,0.0,0.0,0.0,0.0,0.0,0.0,0.0,0.0,0.0,0.0,0.0,0.0,-0.0601125094682552,0.0,0.0,-0.1498920047010458,-0.0341269174305824,0.0,-0.0019139467390066626,-0.0504561995971005,-0.006901591786730612,0.0,-0.0005370477416914217,-0.010113514382106453,-0.07133031351429961,-0.03619461652130621,-0.0005370477416914217,-0.0036726275491190084,-0.07420311034177837,0.0,-0.07784954555601901,0.0,0.0,-0.16819887729990587,-0.02105227147430374,0.0,0.0,-0.062498930939339205,-0.007894601802863901,0.0,0.0,0.0,-0.046051843850039416,-0.03618359159645954,0.0,-0.019736504507159754,-0.06052528048862323
0.0,-0.02716226961384852,0.0,0.0,-0.06630456937638472,-0.009079205238470864,0.0,0.0,-0.019288602000402836,-0.0016952872851916554,0.0,0.0,-0.00644209168372829,-0.01849746793398006,-0.01243210675807214,0.0,-0.0009041532187688827,-0.03123095909830849,-0.19303671220715646,-0.19303671220715646,-0.4208833233369149
0.0,-0.02681974483024277,0.0,0.0,-0.06142200490140412,-0.010344758720236493,0.0,-0.0005747088177909161,-0.01886960618413509,-0.003544037709710649,0.0,-0.00028735440889545805,-0.004453993337879598,-0.026221089811710566,-0.014942429262563823,0.0,-0.0012212562378056968,-0.02957355791549091,-0.2011480862268206,-0.2011480862268206,-0.3994226283646866
0.0,0.0,0.0,0.0,0.0,0.0,0.0,0.0,0.0,0.0,0.0,0.0,0.0,0.0,0.0,0.0,0.0,0.0,0.0,0.033819266713630815,0.0,0.0,0.08595184267513935,0.007516956835052954,0.0,0.01016842904467411,0.0,0.009542484754099202,0.0,0.0,0.00536161922984575,0.0008647908438235895,0.014384230267391863,0.0,0.009064874613771229,0.008809347038620744,0.18548384201604962,0.6290321598805161
0,0,0,0,0,0,0,0,0,0,0,0,0,0,0,0,0,0,0,0,0,0,0,0,0,0,0,0,0,0,0,0,0,0,0,0,0,0,0,0,0,0,0,0,0,0,0,0,0,0,0,0,0,0
0.0,0.021889398074442797,0.0,0.0,0.044930869731751,0.01728110374298115,0.0,0.0,0.0,0.01728110374298115,0.0,0.0,0.008064515080057871,0.0,0.009216588662923282,0.0,0.021889398074442797,0.004608294331461641,0.1774193317612732,0.1451612714410417,0.5322579952838196
0.0,0.025058271384041726,0.0,0.0,0.07599066484834976,0.010023308553616689,0.0,0.010955709349301962,0.0,0.01107225944876262,0.0,0.0,0.00419580358058373,0.00139860119352791,0.013053611139593826,0.0,0.013286711338515146,0.00979020835469537,0.19580416709390738,0.17482514919098874,0.45454538789657073
0.0,0.0,0.0,0.0,0.0,0.0,0.0,0.0,0.0,0.0,0.0,0.0,0.0,0.0,0.0,0.0,0.0,0.0,0.0,-0.03886694306476788,0.0,0.0,-0.09396602543656747,-0.0016360630982811095,0.0,0.0,-0.0011692296531479185,0.0,0.0,-0.003066797663315864,0.0,-0.009789281305883262,-0.024627153630420198,0.0,-0.005938183612876397,-0.02094013162583123,-0.19999980909109133,-0.5999994272732739
0.0,0.0,0.0,0.0,0.0,0.0,0.0,0.0,0.0,0.0,0.0,0.0,0.0,0.0,0.0,0.0,0.0,0.0,0.0,-0.0999996590920713,0.0,0.0,-0.22499923295716037,0.0,0.0,0.0,0.0,0.0,0.0,0.0,0.0,-0.024999914773017825,-0.07499974431905349,0.0,-0.024999914773017825,-0.04999982954603565,0.0,-0.16666609848678549,0.0,0.0,-0.33333219697357097,0.0,0.0,0.0,0.0,0.0,0.0,0.0,0.0,0.0,0.0,0.0,0.0,0.0
0.0,-0.059845501029342614,0.0,0.0,-0.058880251012740324,0.0,0.0,0.0,0.0,0.0,0.0,-0.005791500099613801,0.0,-0.02220075038185291,-0.016409250282239104,0.0,-0.012548250215829905,-0.02702700046486441,-0.20270250348648305,-0.20270250348648305,-0.3918915067405339
0.0,-0.05213172783820172,0.0,0.0,-0.06918597337634952,0.0,0.0,0.0,0.0,0.0,0.0,-0.0075581315453154925,0.0,-0.02189920165693976,-0.035271280544805626,0.0,-0.00523255260829534,-0.029651131447006925,-0.22092999901691435,-0.22092999901691435,-0.3372089458679219
0.0,0.0,0.0,0.0,0.0,0.0,0.0,0.0,0.0,0.0,0.0,0.0,0.0,0.0,0.0,0.0,0.0,0.0,0.0,-0.041349009289832844,0.0,0.0,-0.09039856425889771,-0.0016864039960542334,0.0,-0.007689959592204397,-0.017865969690175024,-0.016813874432006687,0.0,0.0,0.0,-0.026043275473426462,-0.017915036796011263,0.0,-0.0021940959209894874,-0.03634235456498522,-0.2582985440145834,-0.48335074077976503
0.0,0.0,0.0,0.0,0.0,0.0,0.0,0.0,0.0,0.0,0.0,0.0,0.0,0.0,0.0,0.0,0.0,0.0,0.0,-0.060544782959481874,0.0,0.0,-0.17239965913049998,-0.005675509647981075,0.0,-0.016188499944632083,-0.03362507184849282,-0.024101297001691856,0.0,0.0,0.0,-0.060680579416038424,-0.04506081640253162,0.0,-0.002807502347815517,-0.07886509606503751,0.0,-0.1101077746802113,0.0,0.0,-0.15177017591056152,-0.01190354320867149,0.0,-0.02380708641734298,-0.04166240123035022,-0.028766896087622767,0.0,0.0,0.0,-0.025791010285454895,-0.04166240123035022,0.0,-0.01190354320867149,-0.05257398250496575
0.0,-0.04024827063867973,0.0,0.0,-0.06859227493481633,-0.0022623492596688284,0.0,-0.0064638550276252225,-0.006851686329282735,-0.012442920928178553,0.0,0.0,0.0,-0.02246189622099765,-0.005332680397790808,0.0,-0.0019391565082875672,-0.03701634312486712,-0.20361143337019455,-0.20361143337019455,-0.3891240726630385
0.0,-0.034606878608905454,0.0,0.0,-0.06851554826342073,-0.0019124853968079344,0.0,-0.007832083053594398,-0.015451667729765698,-0.012932044111748895,0.0,0.0,0.0,-0.022858754028513874,-0.014935600241738158,0.0,-0.0018214146636266041,-0.034060454209817466,-0.2203911742988191,-0.2149269303079393,-0.349711615416308
0.0,0.0,0.0,0.0,0.0,0.0,0.0,0.0,0.0,0.0,0.0,0.0,0.0,0.0,0.0,0.0,0.0,0.0,0.0,-0.0382175468975699,0.0,0.0,-0.07745047124088704,-0.01802473162641432,0.0,0.0,0.0,-0.007463944309587602,0.0,-0.00550830146862417,0.0,-0.00437981522901117,-0.016690013810780405,0.0,0.0,-0.018539519201132688,-0.1862743437840073,-0.6274504211671825
0,0,0,0,0,0,0,0,0,0,0,0,0,0,0,0,0,0,0,0,0,0,0,0,0,0,0,0,0,0,0,0,0,0,0,0,0,0,0,0,0,0,0,0,0,0,0,0,0,0,0,0,0,0
0.0,-0.03781510245811027,0.0,0.0,-0.05462181466171482,-0.016806712203604558,0.0,0.0,0.0,0.0,0.0,0.0,0.0,0.0,-0.0042016780509011396,0.0,0.0,-0.014005593503003799,-0.12745090087733457,-0.12745090087733457,-0.6176466734824675
0.0,-0.030263133761456337,0.0,0.0,-0.07105257491820183,-0.016228057234404115,0.0,0.0,0.0,-0.007017538263526106,0.0,-0.0017543845658815264,0.0,-0.003508769131763053,-0.014035076527052208,0.0,0.0,-0.022806999356459842,-0.166666533758745,-0.166666533758745,-0.499999601276235
0.0,0.0,0.0,0.0,0.0,0.0,0.0,0.0,0.0,0.0,0.0,0.0,0.0,0.0,0.0,0.0,0.0,0.0,0.0,0.03351021342614389,0.0,0.005604335303460331,0.07440212810303559,0.014642064469922778,0.0035757711680723054,0.0006307030665476637,0.0030723726558152475,0.011507501140152723,0.0,0.007937478065896718,0.0,0.005523113743938515,0.02062480697344956,0.0,0.0,0.004154667593304206,0.19999996816651872,0.6148147169563353
0.0,0.0,0.0,0.0,0.0,0.0,0.0,0.0,0.0,0.0,0.0,0.0,0.0,0.0,0.0,0.0,0.0,0.0,0.0,0.08514488648842157,0.0,0.021286221622105393,0.15987311133198306,0.042572443244210785,0.01086955997724531,0.0,0.010416661644860086,0.04211954491182557,0.0,0.021286221622105393,0.0,0.021286221622105393,0.06385866486631618,0.0,0.0,0.021286221622105393,0.0,0.12499993973832105,0.0,0.0,0.18749990960748159,0.0,0.062499969869160524,0.0,0.0,0.062499969869160524,0.0,0.0,0.0,0.0,0.062499969869160524,0.0,0.0,0.0
0.0,0.03013863395008655,0.0,0.0,0.058468949863167904,0.010849908222031157,0.0,0.0,0.0036166360740103867,0.006027726790017311,0.0,0.0,0.0,0.00542495411101558,0.01687763501204847,0.0,0.0,0.007836044827022503,0.1392404888493999,0.15189871510843625,0.5696201816566359
0.0,0.025943392180977364,0.0,0.005660376475849607,0.05754716083780434,0.005660376475849607,0.005660376475849607,0.0,0.003773584317233072,0.02059748106489718,0.0,0.00943396079308268,0.0,0.007547168634466144,0.024371065382130245,0.0,0.0,0.013050312430431038,0.1792452550685709,0.19811317665473624,0.4433961572748859
0.0,0.0,0.0,0.0,0.0,0.0,0.0,0.0,0.0,0.0,0.0,0.0,0.0,0.0,0.0,0.0,0.0,0.0,0.0,-0.040215816899459064,0.0,0.0,-0.10428713964157643,0.0,0.0,0.0,0.0,-0.003639137680664968,0.0,0.0,0.0,-0.004665452419956129,-0.03348120903560816,0.0,-0.004139137169037585,-0.019571892270196605,-0.20999978511649897,-0.5799994065122352
0,0,0,0,0,0,0,0,0,0,0,0,0,0,0,0,0,0,0,0,0,0,0,0,0,0,0,0,0,0,0,0,0,0,0,0,0,0,0,0,0,0,0,0,0,0,0,0,0,0,0,0,0,0
0.0,-0.02672495287356841,0.0,0.0,-0.07531577628005642,0.0,0.0,0.0,0.0,-0.008746348213167842,0.0,0.0,0.0,-0.011661797617557123,-0.014577247021946405,0.0,-0.008746348213167842,-0.017492696426335684,-0.16326516664579974,-0.16326516664579974,-0.5102036457681242
0.0,-0.02789471089353699,0.0,0.0,-0.08999991627914763,0.0,0.0,0.0,0.0,-0.004736837698902509,0.0,0.0,0.0,-0.009473675397805017,-0.03473680979195171,0.0,-0.0021052611995122255,-0.0205262966952442,-0.1894735079561003,-0.1894735079561003,-0.4315785459000062
0.0,0.0,0.0,0.0,0.0,0.0,0.0,0.0,0.0,0.0,0.0,0.0,0.0,0.0,0.0,0.0,0.0,0.0,0.0,-0.025886898954858226,0.0,-0.00177703982556558,-0.0678780470620933,-0.005904626152907323,-0.010694938181973992,0.0,0.0,-0.011407137404239397,0.0,-0.010019834886955443,0.0,0.0,-0.013958990622780538,0.0,-0.001408435804885874,0.0,-0.17730470106697577,-0.673757864054508
0,0,0,0,0,0,0,0,0,0,0,0,0,0,0,0,0,0,0,0,0,0,0,0,0,0,0,0,0,0,0,0,0,0,0,0,0,0,0,0,0,0,0,0,0,0,0,0,0,0,0,0,0,0
0.0,-0.026724944538451458,0.0,0.0,-0.05903783202585186,-0.008746345485311387,-0.004373172742655694,0.0,0.0,-0.006073851031466242,0.0,-0.001457724247551898,0.0,0.0,-0.005830896990207592,0.0,0.0,0.0,-0.11224476706149614,-0.1326529065272227,-0.6428563931703869
0.0,-0.033459542849210495,0.0,-0.0015151491101529275,-0.06477262445903764,-0.009469681938455796,-0.00606059644061171,0.0,0.0,-0.01729795234091259,0.0,-0.012499980158761652,0.0,0.0,-0.01401512926891458,0.0,0.0,0.0,-0.1590906565660574,-0.17424214766758667,-0.5075749519012307
0.0,0.0,0.0,0.0,0.0,0.0,0.0,0.0,0.0,0.0,0.0,0.0,0.0,0.0,0.0,0.0,0.0,0.0,0.0,0.027558182066948725,0.0,0.0,0.09385591778046891,0.0020134555170496435,0.0,0.0,0.0,0.03637458896723637,0.0,0.005395241567703563,0.0,0.006283667733805249,0.021747708800909375,0.008029065650501826,0.0,0.0,0.24528297797813506,0.553459027232715
0.0,0.0,0.0,0.0,0.0,0.0,0.0,0.0,0.0,0.0,0.0,0.0,0.0,0.0,0.0,0.0,0.0,0.0,0.0,0.05555552208837357,0.0,0.0,0.22222208835349427,0.0,0.0,0.0,0.0,0.09259253681395595,0.0,0.01851850736279119,0.0,0.01851850736279119,0.07407402945116476,0.01851850736279119,0.0,0.0,0.0,0.12499992469884054,0.0,0.0,0.37499977409652163,0.0,0.0,0.0,0.0,0.0,0.0,0.0,0.0,0.0,0.0,0.0,0.0,0.0
0.0,0.0230654729097446,0.0,0.0,0.0721726087821041,0.0,0.0,0.0,0.0,0.043898803279836494,0.0,0.005952380105740542,0.0,0.002976190052870271,0.005952380105740542,0.012648807724698653,0.0,0.0,0.1666666429607352,0.1666666429607352,0.49999992888220557
0.0,0.018045109839550894,0.0,0.0,0.07932329533635912,0.0015037591532959076,0.0,0.0,0.0,0.0454887143872012,0.0,0.009774434496423401,0.0,0.006390976401507607,0.024812026029382473,0.010150374284747377,0.0,0.0,0.19548868992846796,0.20300748569494753,0.40601497138989506
0.0,0.0,0.0,0.0,0.0,0.0,0.0,0.0,0.0,0.0,0.0,0.0,0.0,0.0,0.0,0.0,0.0,0.0,0.0,0.049728602905224885,0.0,0.0,0.07847685212347852,0.0068942046974896825,0.0,0.0,0.0,0.04190083441806882,0.0,0.0,0.0,0.0,0.008375835319643641,0.0,0.0,0.00906808303775907,0.1944444125016646,0.6111110107195173
0,0,0,0,0,0,0,0,0,0,0,0,0,0,0,0,0,0,0,0,0,0,0,0,0,0,0,0,0,0,0,0,0,0,0,0,0,0,0,0,0,0,0,0,0,0,0,0,0,0,0,0,0,0
0,0,0,0,0,0,0,0,0,0,0,0,0,0,0,0,0,0,0,0,0
0.0,0.04193547677990118,0.0,0.0,0.05806450631063239,0.012903223624584974,0.0,0.0,0.0,0.05806450631063238,0.0,0.0,0.0,0.0,0.012903223624584974,0.0,0.0,0.009677417718438731,0.19354835436877463,0.19354835436877463,0.41935476779901165
0.0,0.0,0.0,0.0,0.0,0.0,0.0,0.0,0.0,0.0,0.0,0.0,0.0,0.0,0.0,0.0,0.0,0.0,0.0,-0.03927220979630459,0.0,-0.002967846721709819,-0.06925594829603926,0.0,-0.007423057396528862,-0.008173807245477992,-0.001001916465081074,-0.009504854296511905,0.0,0.0,0.0,0.0,-0.006141374321070163,0.0,-0.012885261511110814,-0.014544689510567234,-0.17117096556040173,-0.6576568676794382
0,0,0,0,0,0,0,0,0,0,0,0,0,0,0,0,0,0,0,0,0,0,0,0,0,0,0,0,0,0,0,0,0,0,0,0,0,0,0,0,0,0,0,0,0,0,0,0,0,0,0,0,0,0
0.0,-0.05263150507858936,0.0,-0.01503757287959696,-0.05263150507858936,0.0,-0.00751878643979848,-0.00751878643979848,0.0,-0.01503757287959696,0.0,0.0,0.0,0.0,0.0,0.0,0.0,-0.00751878643979848,-0.15789451523576808,-0.15789451523576808,-0.5263150507858936
0.0,-0.040759589743183514,0.0,-0.005158724153866064,-0.05578224799345283,0.0,-0.013038533575705436,-0.009920623372819355,0.0,-0.013095222852121547,0.0,0.0,0.0,0.0,-0.003174599479302193,0.0,-0.010657583966228793,-0.015079347526685417,-0.1904759687581316,-0.16666647266336515,-0.476189921895329
0.0,0.0,0.0,0.0,0.0,0.0,0.0,0.0,0.0,0.0,0.0,0.0,0.0,0.0,0.0,0.0,0.0,0.0,0.0,-0.034284525051128056,0.0,0.0,-0.09449743424306446,0.0,0.0,0.0,0.0,-0.0325846289093835,0.0,0.0,0.0,-0.008935064486946013,-0.029684720327213317,0.0,0.0,-0.009104333318549396,-0.20909070633628477,-0.581817617631401
0.0,0.0,0.0,0.0,0.0,0.0,0.0,0.0,0.0,0.0,0.0,0.0,0.0,0.0,0.0,0.0,0.0,0.0,0.0,-0.08333296296460904,0.0,0.0,-0.24999888889382718,0.0,0.0,0.0,0.0,-0.08333296296460904,0.0,0.0,0.0,-0.02777765432153635,-0.02777765432153635,0.0,0.0,-0.02777765432153635,0.0,-0.12499944444691358,0.0,0.0,-0.24999888889382715,0.0,0.0,0.0,0.0,-0.12499944444691358,0.0,0.0,0.0,0.0,0.0,0.0,0.0,0.0
0.0,-0.03179980983390879,0.0,0.0,-0.06315571369297873,0.0,0.0,0.0,0.0,-0.03708632644335301,0.0,0.0,0.0,-0.01543582139780471,-0.03472555375898288,0.0,0.0,-0.012711852915839171,-0.1949150780428673,-0.1949150780428673,-0.4152538619174129
0.0,-0.03270198716970993,0.0,0.0,-0.07310598676162954,0.0,0.0,0.0,0.0,-0.048611062009028275,0.0,0.0,0.0,-0.011363624885227389,-0.04191914957661659,0.0,0.0,-0.011994937378851132,-0.21969674778106285,-0.21969674778106285,-0.34090874655682163
0.0,0.0,0.0,0.0,0.0,0.0,0.0,0.0,0.0,0.0,0.0,0.0,0.0,0.0,0.0,0.0,0.0,0.0,0.0,0.026016619366955266,0.0,0.0020568107487929296,0.07215941717739997,0.0030469720489655215,0.007610485220420968,0.0,0.0024718836110814626,0.006699239651433829,0.0,0.010848541588916462,0.0,0.0,0.005631961755399482,0.0,0.0072987599510580614,0.014432667980373149,0.17266184629177866,0.6690646543806422
0,0,0,0,0,0,0,0,0,0,0,0,0,0,0,0,0,0,0,0,0,0,0,0,0,0,0,0,0,0,0,0,0,0,0,0,0,0,0,0,0,0,0,0,0,0,0,0,0,0,0,0,0,0
0.0,0.0,0.0,0.0,0.06493505492966356,0.0,0.012987010985932712,0.0,0.0,0.0,0.0,0.012987010985932712,0.0,0.0,0.0,0.0,0.0,0.0,0.09090907690152898,0.09090907690152898,0.7272726152122319
0.0,0.02105262860541226,0.0,0.0017543857171176882,0.06491227153335447,0.0035087714342353763,0.011403507161264972,0.0,0.0017543857171176882,0.007017542868470753,0.0,0.014473682166220928,0.0,0.0,0.005263157151353065,0.0,0.009210525014867861,0.01754385717117688,0.1578947145405919,0.16666664312618035,0.517543786549718
0.0,0.0,0.0,0.0,0.0,0.0,0.0,0.0,0.0,0.0,0.0,0.0,0.0,0.0,0.0,0.0,0.0,0.0,0.0,-0.030730223498327422,0.0,0.0,-0.1045331710004006,0.0,0.0,-0.017693964439619278,0.0,-0.006382141714948258,0.0,-0.008903885991235424,0.0,0.0,-0.02610156477508113,0.0,0.0,-0.014610071476054108,-0.26119377861958276,-0.5298502366282964
0,0,0,0,0,0,0,0,0,0,0,0,0,0,0,0,0,0,0,0,0,0,0,0,0,0,0,0,0,0,0,0,0,0,0,0,0,0,0,0,0,0,0,0,0,0,0,0,0,0,0,0,0,0
0.0,-0.02876478659495067,0.0,0.0,-0.06710172066183451,0.0,0.0,-0.01346385389360296,0.0,-0.0007251626872676639,0.0,-0.008871156874241089,0.0,0.0,-0.010514858965381128,0.0,0.0,-0.012690347027184122,-0.19796941362407225,-0.1776648583805777,-0.4822331870329966
0.0,-0.03311255597953526,0.0,0.0,-0.06721848863845659,0.0,0.0,-0.02113684823360334,0.0,-0.0014900650190790867,0.0,-0.011479019406238892,0.0,0.0,-0.025938168850635955,0.0,0.0,-0.018432656161941296,-0.23841040305265387,-0.22185412506288626,-0.36092686017693437
0.0,0.0,0.0,0.0,0.0,0.0,0.0,0.0,0.0,0.0,0.0,0.0,0.0,0.0,0.0,0.0,0.0,0.0,0.0,-0.031375293130606385,0.0,0.0,-0.08612900510824052,0.0,0.0,-0.008669490604587913,0.0,-0.03343624266374022,0.0,-0.017575051761888436,0.0,0.0,-0.019759250260029323,0.0,0.0,-0.003055477918896394,-0.27407381568798517,-0.5259254301039715
0,0,0,0,0,0,0,0,0,0,0,0,0,0,0,0,0,0,0,0,0,0,0,0,0,0,0,0,0,0,0,0,0,0,0,0,0,0,0,0,0,0,0,0,0,0,0,0,0,0,0,0,0,0
0.0,-0.03424991998943707,0.0,0.0,-0.056203850426530554,0.0,0.0,-0.006036213052968675,0.0,-0.017259098062562282,0.0,-0.01837691529459352,0.0,0.0,-0.008718974409843643,0.0,0.0,0.0,-0.14084497123593576,-0.23943645110109077,-0.47887290220218154
0.0,-0.034607956800856786,0.0,0.0,-0.06071423693103752,0.0,0.0,-0.009848476935337632,0.0,-0.03670030721202742,0.0,-0.015572378060149246,0.0,0.0,-0.014273677804939888,0.0,0.0,0.0,-0.2020200396992335,-0.24747454863156101,-0.3787875744360628
0.0,0.0,0.0,0.0,0.0,0.0,0.0,0.0,0.0,0.0,0.0,0.0,0.0,0.0,0.0,0.0,0.0,0.0,0.0,0.030240939189193586,0.0,0.00018274850563170233,0.09621628438204267,0.0,0.0013934498771235285,0.011371446597578917,0.0,0.020623537104168,0.0,0.010769478724552237,0.0,0.0,0.02371247304340688,0.0,0.0,0.013822938996443166,0.2499999557041688,0.5416665706923657
0,0,0,0,0,0,0,0,0,0,0,0,0,0,0,0,0,0,0,0,0,0,0,0,0,0,0,0,0,0,0,0,0,0,0,0,0,0,0,0,0,0,0,0,0,0,0,0,0,0,0,0,0,0
0.0,0.02514463323250086,0.0,0.0,0.07645748653705568,0.0,0.0,0.01312861381165974,0.0,0.01068090615185877,0.0,0.0057854908322568345,0.0,0.0,0.028170889975527504,0.0,0.0,0.027547837116669076,0.18691585765752847,0.18691585765752847,0.439252265495192
0.0,0.02974216824355748,0.0,0.0,0.0616942808767291,0.0,0.0009208101623392409,0.01703498800327596,0.0,0.01998158052276153,0.0,0.012062613126644054,0.0,0.0,0.032412517714341275,0.0,0.0,0.01952117544159191,0.20441985603931148,0.23756902188352416,0.3646408242863394
0.0,0.0,0.0,0.0,0.0,0.0,0.0,0.0,0.0,0.0,0.0,0.0,0.0,0.0,0.0,0.0,0.0,0.0,0.0,0.04107640285614064,0.0,0.0,0.09346843359127147,0.0,0.0,0.006796738504477612,0.0,0.04052976180306136,0.0,0.0,0.0,0.0,0.012753631928206608,0.0,0.0,0.0014534301336799574,0.19607839881683767,0.6078430363321967
0,0,0,0,0,0,0,0,0,0,0,0,0,0,0,0,0,0,0,0,0,0,0,0,0,0,0,0,0,0,0,0,0,0,0,0,0,0,0,0,0,0,0,0,0,0,0,0,0,0,0,0,0,0
0.0,0.031746027004988284,0.0,0.0,0.07936506751247072,0.0,0.0,0.0,0.0,0.03703703150581967,0.0,0.0,0.0,0.0,0.0,0.0,0.0,0.0,0.1481481260232787,0.1481481260232787,0.5555554725872951
0.0,0.0431345282752722,0.0,0.0,0.0788488081173384,0.0,0.0,0.009708736267746152,0.0,0.05277391642682016,0.0,0.0,0.0,0.0,0.009708736267746152,0.0,0.0,0.0,0.21359219789041534,0.19417472535492306,0.39805818697759227
0.0,0.0,0.0,0.0,0.0,0.0,0.0,0.0,0.0,0.0,0.0,0.0,0.0,0.0,0.0,0.0,0.0,0.0,0.0,0.02138245893593995,0.0,0.0,0.09917516671396676,0.0,0.0009008296791795964,0.008492011277184183,0.005609151192114631,0.014894920693856641,0.0,0.003775227739714354,0.0,0.0020259994223898715,0.04052394296852206,0.0,0.0,0.030085911896146338,0.23880591633580464,0.5343282378013628
0.0,0.0,0.0,0.0,0.0,0.0,0.0,0.0,0.0,0.0,0.0,0.0,0.0,0.0,0.0,0.0,0.0,0.0,0.0,0.029547450806746846,0.0,0.0,0.1956531881349178,0.0,0.0020120713073968296,0.03815963296460732,0.00850776939731773,0.05148059254824687,0.0,0.015003467487238631,0.0,0.00850776939731773,0.07366439293639183,0.0,0.0,0.07746338490793049,0.0,0.1190475523543124,0.0,0.0,0.0,0.0,0.0,0.0,0.0,0.0,0.0,0.1190475523543124,0.0,0.0,0.19047608376689984,0.0,0.0,0.07142853141258744
0.0,0.02918513399849295,0.0,0.0,0.06895318879987147,0.0,0.000492610743346108,0.0049876837763793425,0.004938422702044732,0.014390391339998173,0.0,0.00503283976118607,0.0,0.000985221486692216,0.0425985140308547,0.0,0.0,0.021539404752808567,0.19310341139167428,0.19482754899338567,0.41896543721586477
0.0,0.01856127498458364,0.0,0.0,0.06379724624742235,0.0,0.0007992893534031235,0.00889790899238186,0.005965066841138123,0.02609954626734062,0.0,0.008200116699728338,0.0,0.002753107772832981,0.05031505334451674,0.0,0.0,0.02597901850770046,0.23978680602093702,0.2184724232635204,0.33037293273995766
0.0,0.0,0.0,0.0,0.0,0.0,0.0,0.0,0.0,0.0,0.0,0.0,0.0,0.0,0.0,0.0,0.0,0.0,0.0,0.03806618218090155,0.0,0.0,0.11056016699339746,0.0,0.0,0.0,0.0033779421275180106,0.02097183365998878,0.0,0.0,0.0,0.0,0.03242828194222643,0.0,0.0,0.017999806248913126,0.2234042131529454,0.5531913849501504
0,0,0,0,0,0,0,0,0,0,0,0,0,0,0,0,0,0,0,0,0,0,0,0,0,0,0,0,0,0,0,0,0,0,0,0,0,0,0,0,0,0,0,0,0,0,0,0,0,0,0,0,0,0
0.0,0.017816648123872573,0.0,0.0,0.09131842011126687,0.0,0.0,0.0,0.0009718171703930494,0.011370260893598678,0.0,0.0,0.0,0.0,0.021477159465686395,0.0,0.0,0.013508258668463387,0.15646256443328097,0.15646256443328097,0.530612175034605
0.0,0.03307691712636107,0.0,0.0,0.07807690903082902,0.0,0.0,0.0,0.006538460362187652,0.026153841448750617,0.0,0.0,0.0,0.0,0.04641024806101823,0.0,0.0,0.025128200607623136,0.21538457663676971,0.21538457663676971,0.35384609018897883
0.0,0.0,0.0,0.0,0.0,0.0,0.0,0.0,0.0,0.0,0.0,0.0,0.0,0.0,0.0,0.0,0.0,0.0,0.0,-0.035948271496926,0.0,0.0,-0.09453322822641685,0.0,0.0,0.0,0.0,-0.01980116598778078,0.0,-0.0006559133080054644,0.0,0.0,-0.033878743294746376,0.0,-0.008471105743675112,-0.026711347053790403,-0.219999775111341,-0.5599994275561407
0,0,0,0,0,0,0,0,0,0,0,0,0,0,0,0,0,0,0,0,0,0,0,0,0,0,0,0,0,0,0,0,0,0,0,0,0,0,0,0,0,0,0,0,0,0,0,0,0,0,0,0,0,0
0.0,-0.038792067164218576,0.0,0.0,-0.06356943541282126,0.0,0.0,0.0,0.0,-0.02346107056039567,0.0,0.0,0.0,0.0,-0.025009656075933338,0.0,-0.008749508162787824,-0.035540037581589475,-0.19512177495774619,-0.19512177495774619,-0.4146337717852106
0.0,-0.03443623849805124,0.0,0.0,-0.06617640138415541,0.0,0.0,0.0,0.0,-0.02818624503399212,0.0,0.0,0.0,0.0,-0.0426470142253446,0.0,-0.012377438036666105,-0.04411760092277028,-0.22794093810097976,-0.22794093810097976,-0.31617613994652033
0.0,0.0,0.0,0.0,0.0,0.0,0.0,0.0,0.0,0.0,0.0,0.0,0.0,0.0,0.0,0.0,0.0,0.0,0.0,0.016852056816134737,0.0,0.008100804517186465,0.06059017246244762,0.005718560770415447,0.017502529182950234,0.0,0.0,0.012724748306307248,0.0019036296051053248,0.007423737743035212,0.0,0.0,0.010167350947725987,0.0,0.0,0.0,0.18032784812376643,0.6786884465749027
0,0,0,0,0,0,0,0,0,0,0,0,0,0,0,0,0,0,0,0,0,0,0,0,0,0,0,0,0,0,0,0,0,0,0,0,0,0,0,0,0,0,0,0,0,0,0,0,0,0,0,0,0,0
0.0,0.007326006677401156,0.0,0.013431012241902122,0.042735038951506744,0.006105005564500964,0.009768008903201543,0.0,0.0,0.015873014467702503,0.0024420022258003857,0.003663003338700578,0.0,0.0,0.0012210011129001929,0.0,0.0,0.0,0.1025640934836162,0.1538461402254243,0.6410255842726013
0.0,0.013855420046239006,0.0,0.01244979772270751,0.05669343371577024,0.005622489294125973,0.009036143508416744,0.0,0.0,0.023627841914600822,0.0034136542142907695,0.00843373394118896,0.0,0.0,0.011445781777327874,0.0,0.0,0.0,0.14859435991618644,0.1927710615128905,0.5140561640343747
0.0,0.0,0.0,0.0,0.0,0.0,0.0,0.0,0.0,0.0,0.0,0.0,0.0,0.0,0.0,0.0,0.0,0.0,0.0,-0.027564099527899014,0.0,0.0,-0.07690254097121707,-0.007222432745067413,-0.0048397230385539185,0.0,0.0,-0.022420515375658655,0.0,-0.017856345633914264,-0.0004158985286732754,0.0,0.0,0.0,0.0,-0.011697231209392868,-0.20270254443645175,-0.6283778877530004
0,0,0,0,0,0,0,0,0,0,0,0,0,0,0,0,0,0,0,0,0,0,0,0,0,0,0,0,0,0,0,0,0,0,0,0,0,0,0,0,0,0,0,0,0,0,0,0,0,0,0,0,0,0
0,0,0,0,0,0,0,0,0,0,0,0,0,0,0,0,0,0,0,0,0
0.0,-0.026315769980521264,0.0,0.0,-0.07192977128009145,-0.003508769330736168,-0.0052631539961042525,0.0,0.0,-0.028070154645889345,0.0,-0.010526307992208505,0.0,0.0,0.0,0.0,0.0,-0.01228069265757659,-0.15789461988312756,-0.18421038986364882,-0.49999962962990396
0.0,0.0,0.0,0.0,0.0,0.0,0.0,0.0,0.0,0.0,0.0,0.0,0.0,0.0,0.0,0.0,0.0,0.0,0.0,0.025196595799553523,0.0,0.0032786399958346746,0.07982422340489646,0.0,0.011395393832842608,0.0,0.0,0.009753152259687857,0.0,0.01695771770234439,0.0,0.0,0.007536491653584739,0.0,0.0,0.006057762263235999,0.213333302549307,0.6266665762385892
0,0,0,0,0,0,0,0,0,0,0,0,0,0,0,0,0,0,0,0,0,0,0,0,0,0,0,0,0,0,0,0,0,0,0,0,0,0,0,0,0,0,0,0,0,0,0,0,0,0,0,0,0,0
0.0,0.0476190338761807,0.0,0.0,0.07142855081427106,0.0,0.0,0.0,0.0,0.02380951693809035,0.0,0.02380951693809035,0.0,0.0,0.0,0.0,0.0,0.0,0.16666661856663245,0.16666661856663245,0.49999985569989736
0.0,0.028318580165234326,0.0,0.0017699112603271454,0.06946901696784044,0.0,0.008849556301635727,0.0,0.0,0.01681415697310788,0.0,0.012831856637371802,0.0,0.0,0.005309733780981436,0.0,0.0,0.007079645041308581,0.15044245712780732,0.18584068233435025,0.5132742654948721
0.0,0.0,0.0,0.0,0.0,0.0,0.0,0.0,0.0,0.0,0.0,0.0,0.0,0.0,0.0,0.0,0.0,0.0,0.0,-0.031921662357677814,0.0,0.0,-0.10378328734695925,-0.009910627800117545,0.0,-0.008077304702590042,0.0,-0.010270115912056102,0.0,-0.019628449939497687,0.0,0.0,-0.03113431074443638,0.0,0.0,-0.004252136929184434,-0.29926979083444294,-0.4817513706115423
0,0,0,0,0,0,0,0,0,0,0,0,0,0,0,0,0,0,0,0,0,0,0,0,0,0,0,0,0,0,0,0,0,0,0,0,0,0,0,0,0,0,0,0,0,0,0,0,0,0,0,0,0,0
0.0,-0.02186587712709659,0.0,0.0,-0.05782309729165541,-0.011175892753849365,0.0,-0.0024295419030107316,0.0,-0.006316808947827902,0.0,-0.007167148613881659,0.0,0.0,-0.017857132987128876,0.0,0.0,-0.002915450283612878,-0.13265298790438595,-0.16836725387864368,-0.571428255588124
0.0,-0.02707353283018946,0.0,0.0,-0.057589942667686266,-0.016118924170575227,0.0,-0.006181529172210889,0.0,-0.012910788777402489,0.0,-0.013380272005671668,0.0,0.0,-0.033646298025958005,0.0,0.0,-0.0021126745272113164,-0.18309845902498076,-0.21596228500382345,-0.4319245700076469
0.0,0.0,0.0,0.0,0.0,0.0,0.0,0.0,0.0,0.0,0.0,0.0,0.0,0.0,0.0,0.0,0.0,0.0,0.0,-0.03362128312551195,0.0,0.0,-0.09496205940413352,0.0,-0.0009498190878503745,0.0,0.0,-0.029988016291296857,0.0,-0.0003058101107591214,0.0,0.0,-0.03402228953048378,0.0,0.0,-0.007985395550984523,-0.2018346731010201,-0.5963297159802867
0,0,0,0,0,0,0,0,0,0,0,0,0,0,0,0,0,0,0,0,0,0,0,0,0,0,0,0,0,0,0,0,0,0,0,0,0,0,0,0,0,0,0,0,0,0,0,0,0,0,0,0,0,0
0.0,-0.032302378857144584,0.0,0.0,-0.06946484207121517,0.0,0.0,0.0,0.0,-0.026656826321321443,0.0,0.0,0.0,0.0,-0.03946977598958093,0.0,0.0,-0.007363764177160619,-0.17525758741642275,-0.17525758741642275,-0.4742264130091439
0.0,-0.03320206604164776,0.0,0.0,-0.07125977020005823,0.0,0.0,0.0,0.0,-0.0477689803919359,0.0,0.0,0.0,0.0,-0.051312283882546536,0.0,0.0,-0.0169291166773619,-0.22047221719355034,-0.22047221719355034,-0.338582333547238
0.0,0.0,0.0,0.0,0.0,0.0,0.0,0.0,0.0,0.0,0.0,0.0,0.0,0.0,0.0,0.0,0.0,0.0,0.0,0.029572552441704078,0.0,0.0,0.10378146697447446,0.0,0.0,0.0,0.0,0.025850055314172938,0.0,0.0017270183599830398,0.0,0.009960942511371048,0.0525612042104168,0.0,0.0,0.006431772909556616,0.22988501272167902,0.5402297798959457
0.0,0.0,0.0,0.0,0.0,0.0,0.0,0.0,0.0,0.0,0.0,0.0,0.0,0.0,0.0,0.0,0.0,0.0,0.0,0.06798242187501727,0.0,0.0,0.20321627184144953,0.0,0.0,0.0,0.0,0.05409353998657289,0.0,0.0,0.0,0.027046769993286444,0.13450285618282987,0.0,0.0,0.013157888104842055,0.0,0.2291665511593324,0.0,0.0,0.27083319682466556,0.0,0.0,0.0,0.0,0.0,0.0,0.0,0.0,0.0,0.0,0.0,0.0,0.0
0.0,0.034144615304091464,0.0,0.0,0.06599646201854868,0.0,0.0,0.0,0.0,0.02945325803607064,0.0,0.002962962485065788,0.0,0.007936506656426217,0.0473368530352177,0.0,0.0,0.00476190399385573,0.19259256152927623,0.19259256152927623,0.4222221541218748
0.0,0.04025422930991902,0.0,0.0,0.05932202214093328,0.0,0.0,0.0,0.0,0.053107334107121214,0.0,0.005932202214093328,0.0,0.007627117132405707,0.06101693705924566,0.0,0.0,0.010028246600014912,0.23728808856373312,0.23728808856373312,0.28813553611310455
0.0,0.0,0.0,0.0,0.0,0.0,0.0,0.0,0.0,0.0,0.0,0.0,0.0,0.0,0.0,0.0,0.0,0.0,0.0,0.025973415634444087,0.0,0.004508446084293404,0.06757318088242939,0.0,0.012697009404224064,0.0,0.0,0.01531200858354474,0.0,0.0023527937313135325,0.0,0.0,0.00698316428317993,0.0,0.0,0.004950840149452873,0.14912278742493715,0.7105262224364651
0,0,0,0,0,0,0,0,0,0,0,0,0,0,0,0,0,0,0,0,0,0,0,0,0,0,0,0,0,0,0,0,0,0,0,0,0,0,0,0,0,0,0,0,0,0,0,0,0,0,0,0,0,0
0.0,0.02695417520910182,0.0,0.005390835041820365,0.035040427771832375,0.0,0.01886792264637127,0.0,0.0,0.0026954175209101825,0.0,0.0,0.0,0.0,0.0,0.0,0.0,0.005390835041820365,0.09433961323185638,0.13207545852459893,0.679245215269366
0.0,0.020833330783978116,0.0,0.007870369407280624,0.042592587380577494,0.0,0.025925922753394993,0.0,0.0,0.017129627533493123,0.0,0.0018518516252424998,0.0,0.0,0.007407406500969999,0.0,0.0,0.0060185177820381245,0.129629613766975,0.14814813001939997,0.5925925200775999
0.0,0.0,0.0,0.0,0.0,0.0,0.0,0.0,0.0,0.0,0.0,0.0,0.0,0.0,0.0,0.0,0.0,0.0,0.0,0.030405786206436844,0.0,0.0,0.08357393853882952,0.0,0.0,0.0,0.0,0.038842969153882606,0.0,0.013626735177687373,0.0,0.0,0.0109065881355987,0.0,0.0,0.01644240089985006,0.21705422828575935,0.5891471910613467
0,0,0,0,0,0,0,0,0,0,0,0,0,0,0,0,0,0,0,0,0,0,0,0,0,0,0,0,0,0,0,0,0,0,0,0,0,0,0,0,0,0,0,0,0,0,0,0,0,0,0,0,0,0
0.0,0.0,0.0,0.0,0.035714274913597736,0.0,0.0,0.0,0.0,0.1071428247407932,0.0,0.035714274913597736,0.0,0.0,0.07142854982719547,0.0,0.0,0.0,0.24999992439518418,0.24999992439518418,0.24999992439518418
0.0,0.02758620229373711,0.0,0.0,0.07456895307525811,0.0,0.0,0.0,0.0,0.05603447340915349,0.0,0.01594827320106677,0.0,0.0,0.008620688216792847,0.0,0.0,0.015517238790227128,0.19827582898623547,0.21551720541982114,0.3879309697556781
0.0,0.0,0.0,0.0,0.0,0.0,0.0,0.0,0.0,0.0,0.0,0.0,0.0,0.0,0.0,0.0,0.0,0.0,0.0,0.0257119249577432,0.0,0.001533013634450729,0.0854318871309005,0.0,0.0062593620557860165,0.0,0.0,0.011151588360307805,0.0,0.02903689621984751,0.0,0.0,0.004351392628960377,0.0,0.0,0.008498431312954458,0.27388530892373614,0.5541400436363964
0,0,0,0,0,0,0,0,0,0,0,0,0,0,0,0,0,0,0,0,0,0,0,0,0,0,0,0,0,0,0,0,0,0,0,0,0,0,0,0,0,0,0,0,0,0,0,0,0,0,0,0,0,0
0.0,0.026785710029510367,0.0,0.0,0.06249999006885752,0.0,0.00892857000983679,0.0,0.0,0.01785714001967358,0.0,0.00892857000983679,0.0,0.0,0.0,0.0,0.0,0.0,0.12499998013771504,0.12499998013771504,0.6249999006885751
0.0,0.021257482333111446,0.0,0.0,0.07095807483024524,0.0,0.002694610436591592,0.0,0.0,0.011377244065608942,0.0,0.02305388929083918,0.0,0.0,0.002395209276970304,0.0,0.0,0.01197604638485152,0.14371255661821825,0.23353290450460465,0.4790418553940608
0.0,0.0,0.0,0.0,0.0,0.0,0.0,0.0,0.0,0.0,0.0,0.0,0.0,0.0,0.0,0.0,0.0,0.0,0.0,-0.021948462650830163,0.0,-0.004773647880225168,-0.09081157152403287,0.0,0.0,0.0,0.0,-0.03492134497865825,0.0,-0.014667846720704678,0.0,0.0,-0.02092125628104652,0.0,-0.0012845208764951106,-0.02059401612198907,-0.25954075196928666,-0.530531831231336
0,0,0,0,0,0,0,0,0,0,0,0,0,0,0,0,0,0,0,0,0,0,0,0,0,0,0,0,0,0,0,0,0,0,0,0,0,0,0,0,0,0,0,0,0,0,0,0,0,0,0,0,0,0
0.0,-0.007440446910939737,0.0,-0.0014880893821879473,-0.06001960508158053,0.0,0.0,0.0,0.0,-0.03571414517251073,0.0,-0.013888834233754171,0.0,0.0,-0.013888834233754171,0.0,-0.0029761787643758945,-0.03124987702594689,-0.1666660108050501,-0.20833251350631263,-0.4583315297138878
0.0,-0.011846638527932055,0.0,-0.004355381811739725,-0.06846660208054847,0.0,0.0,0.0,0.0,-0.04355381811739722,0.0,-0.01980246930404328,0.0,0.0,-0.02067354566639122,0.0,-0.000871076362347945,-0.02206726784614793,-0.19163679971654787,-0.23693277055864104,-0.379789293983704
0.0,0.0,0.0,0.0,0.0,0.0,0.0,0.0,0.0,0.0,0.0,0.0,0.0,0.0,0.0,0.0,0.0,0.0,0.0,0.0382428735644806,0.0,0.0,0.09667397728992226,0.0,0.0,0.0,0.0,0.03618680154287529,0.0,0.0,0.0,0.0,0.03792282196684422,0.0,0.0,0.025016032645334894,0.23404250700945725,0.5319147886578575
0,0,0,0,0,0,0,0,0,0,0,0,0,0,0,0,0,0,0,0,0,0,0,0,0,0,0,0,0,0,0,0,0,0,0,0,0,0,0,0,0,0,0,0,0,0,0,0,0,0,0,0,0,0
0.0,0.03866503226883813,0.0,0.0,0.06210825183394419,0.0,0.0,0.0,0.0,0.042897835801426726,0.0,0.0,0.0,0.0,0.02726902275802268,0.0,0.0,0.02564102139933476,0.19658116406156648,0.19658116406156648,0.4102563423893561
0.0,0.03421051953951227,0.0,0.0,0.05877191818326465,0.0,0.0,0.0,0.0,0.06652045466016271,0.0,0.0,0.0,0.0,0.043567242832370325,0.0,0.0,0.03377192313515954,0.23684205835046948,0.23684205835046948,0.28947362687279604
0.0,0.0,0.0,0.0,0.0,0.0,0.0,0.0,0.0,0.0,0.0,0.0,0.0,0.0,0.0,0.0,0.0,0.0,0.0,0.02186843309078595,0.003810874569982216,0.0008434388860542844,0.08574813303620857,0.0,0.010712283265587333,0.0,0.0,0.005305298723422468,0.0,0.02634679094670832,0.0,0.0,0.007289384181261483,0.0,0.0,0.010021039580302838,0.32126692147111197,0.5067872564051344
0,0,0,0,0,0,0,0,0,0,0,0,0,0,0,0,0,0,0,0,0,0,0,0,0,0,0,0,0,0,0,0,0,0,0,0,0,0,0,0,0,0,0,0,0,0,0,0,0,0,0,0,0,0
0.0,0.028571425423062128,0.002380952118588511,0.0,0.05238094660894723,0.0,0.007142856355765533,0.0,0.0,0.0,0.0,0.023809521185885113,0.0,0.0,0.0,0.0,0.0,0.002380952118588511,0.11666665381083705,0.18333331313131537,0.5833332690541853
0.0,0.026075265457288287,0.006989246411231912,0.0,0.05833332581682019,0.0,0.0021505373573021272,0.0,0.0,0.0043010747146042545,0.0,0.03252687752919467,0.0,0.0,0.005376343393255317,0.0,0.0,0.014784944331452119,0.15053761501114887,0.26881716966276586,0.4301074714604254
0.0,0.0,0.0,0.0,0.0,0.0,0.0,0.0,0.0,0.0,0.0,0.0,0.0,0.0,0.0,0.0,0.0,0.0,0.0,0.03258180395191966,0.0,0.0,0.08808626552544364,0.0,0.0,0.0,0.0,0.03823074820995494,0.0,0.00783331304031118,0.0,0.0,0.021682608149496033,0.0,0.0,0.018481776887523504,0.22413789207836973,0.5689654183527847
0,0,0,0,0,0,0,0,0,0,0,0,0,0,0,0,0,0,0,0,0,0,0,0,0,0,0,0,0,0,0,0,0,0,0,0,0,0,0,0,0,0,0,0,0,0,0,0,0,0,0,0,0,0
0.0,0.03648458691446349,0.0,0.0,0.05889354624772323,0.0,0.0,0.0,0.0,0.04103640677903189,0.0,0.009453779718718948,0.0,0.0,0.04523808665401808,0.0,0.0,0.029481787122819823,0.22058819343677544,0.22058819343677544,0.33823522993638905
0.0,0.02904761347012031,0.0,0.0,0.059999988479264896,0.0,0.0,0.0,0.0,0.058253957068492616,0.0,0.013809521157926047,0.0,0.0,0.04904760962987526,0.0,0.0,0.018412694877234733,0.22857138468291388,0.23809519237803528,0.3047618462438852
0.0,0.0,0.0,0.0,0.0,0.0,0.0,0.0,0.0,0.0,0.0,0.0,0.0,0.0,0.0,0.0,0.0,0.0,0.0,0.034797925951854276,0.0,0.0,0.09280649244284118,0.0,0.0,0.0,0.0,0.01977179186699145,0.0,0.008286427169059469,0.0,0.0,0.037229094628131953,0.0,0.0,0.02408936039740421,0.23584901353943755,0.5471697114114952
0,0,0,0,0,0,0,0,0,0,0,0,0,0,0,0,0,0,0,0,0,0,0,0,0,0,0,0,0,0,0,0,0,0,0,0,0,0,0,0,0,0,0,0,0,0,0,0,0,0,0,0,0,0
0.0,0.0319634657292121,0.0,0.0,0.07077624554325536,0.0,0.0,0.0,0.0,0.02250488913587382,0.0,0.006523156271267775,0.0,0.0,0.026744940712197875,0.0,0.0,0.005870840644140997,0.16438353803594793,0.17808216620561026,0.4931506141078438
0.0,0.0447368342386115,0.0,0.0,0.06654134168264061,0.0,0.0,0.0,0.0,0.03082706224845498,0.0,0.008897241543253267,0.0,0.0,0.0407268098810889,0.0,0.0,0.018796989175887183,0.21052627876993646,0.2330826657810011,0.34586460083632414
0.0,0.0,0.0,0.0,0.0,0.0,0.0,0.0,0.0,0.0,0.0,0.0,0.0,0.0,0.0,0.0,0.0,0.0,0.0,-0.035592348376988645,0.0,0.0,-0.09738851392472474,0.0,0.0,0.0,0.0,-0.01045634250697436,0.0,-0.01836116251428817,0.0,0.0,-0.03093336769712981,0.0,0.0,-0.025089826700645895,-0.23762352187718358,-0.544553904301879
0,0,0,0,0,0,0,0,0,0,0,0,0,0,0,0,0,0,0,0,0,0,0,0,0,0,0,0,0,0,0,0,0,0,0,0,0,0,0,0,0,0,0,0,0,0,0,0,0,0,0,0,0,0
0.0,-0.025931141723339046,0.0,0.0,-0.06435637900428688,0.0,0.0,0.0,0.0,-0.0188590121624284,0.0,-0.015558685034003426,0.0,0.0,-0.018151799206337336,0.0,0.0,-0.045261629189828144,-0.18811864632022327,-0.18811864632022327,-0.435643180952096
0.0,-0.03938168090727364,0.0,0.0,-0.06532251508851532,0.0,0.0,0.0,0.0,-0.01747310074384155,0.0,-0.020698903958089217,0.0,0.0,-0.0336021168150799,0.0,0.0,-0.04126339944891812,-0.21774171696171776,-0.23387073303295608,-0.3306448294603862
0.0,0.0,0.0,0.0,0.0,0.0,0.0,0.0,0.0,0.0,0.0,0.0,0.0,0.0,0.0,0.0,0.0,0.0,0.0,-0.03153725772781893,0.0,0.0,-0.09006288377989512,0.0,0.0,0.0,0.0,-0.02280214643058712,0.0,-0.011548202987266077,0.0,0.0,-0.038207495191788704,0.0,0.0,-0.016779313262929953,-0.24218726965884677,-0.5468744798748153
0,0,0,0,0,0,0,0,0,0,0,0,0,0,0,0,0,0,0,0,0,0,0,0,0,0,0,0,0,0,0,0,0,0,0,0,0,0,0,0,0,0,0,0,0,0,0,0,0,0,0,0,0,0
0.0,-0.022950213218112952,0.0,0.0,-0.0580737064583139,0.0,0.0,0.0,0.0,-0.04024343160243208,0.0,-0.023308250865821428,0.0,0.0,-0.03168633182219963,0.0,0.0,-0.011707831080066984,-0.18796976504694698,-0.2180449274544585,-0.4060146925014055
0.0,-0.016564401713682054,0.0,0.0,-0.062474379302837856,0.0,0.0,0.0,0.0,-0.04427398729644645,0.0,-0.025357849536994742,0.0,0.0,-0.039672764598201446,0.0,0.0,-0.02024537987227806,-0.20858876232044063,-0.24539854390640076,-0.3374229978713011
0.0,0.0,0.0,0.0,0.0,0.0,0.0,0.0,0.0,0.0,0.0,0.0,0.0,0.0,0.0,0.0,0.0,0.0,0.0,-0.03682161084759082,0.0,0.0,-0.09861713838950231,0.0,0.0,0.0,0.0,-0.028956585542164025,0.0,0.0,0.0,0.0,-0.03949210423885325,0.0,0.0,-0.01716496504491233,-0.2210524040630227,-0.5578941626352478
0,0,0,0,0,0,0,0,0,0,0,0,0,0,0,0,0,0,0,0,0,0,0,0,0,0,0,0,0,0,0,0,0,0,0,0,0,0,0,0,0,0,0,0,0,0,0,0,0,0,0,0,0,0
0.0,-0.025127528086553164,0.0,0.0,-0.06745316972811606,0.0,0.0,0.0,0.0,-0.04719383447728259,0.0,0.0,0.0,0.0,-0.019940457990851836,0.0,0.0,-0.03671340186588605,-0.1964283921486897,-0.1964283921486897,-0.4107139108563512
0.0,-0.02773221113901191,0.0,0.0,-0.06393435868501268,0.0,0.0,0.0,0.0,-0.06598353684799385,0.0,0.0,0.0,0.0,-0.04412563644286131,0.0,0.0,-0.02773221113901191,-0.22950795425389167,-0.22950795425389167,-0.3114750807731387
0.0,0.0,0.0,0.0,0.0,0.0,0.0,0.0,0.0,0.0,0.0,0.0,0.0,0.0,0.0,0.0,0.0,0.0,0.0,0.02784111871903715,0.0,0.001954884004207095,0.0909899385238042,0.0,0.00647792151347117,0.0,0.0,0.004388625659489188,0.0,0.02195622338458065,0.0,0.0,0.016695099296087274,0.0,0.0,0.01279475094479251,0.23239432875001867,0.5845069480682288
0,0,0,0,0,0,0,0,0,0,0,0,0,0,0,0,0,0,0,0,0,0,0,0,0,0,0,0,0,0,0,0,0,0,0,0,0,0,0,0,0,0,0,0,0,0,0,0,0,0,0,0,0,0
0.0,0.019457243136059576,0.0,0.001536098142320493,0.06554018740567434,0.0,0.006144392569281972,0.0,0.0,0.003072196284640986,0.0,0.01126471971035028,0.0,0.0,0.001536098142320493,0.0,0.0,0.009728621568029788,0.11827955695867794,0.15053761794740828,0.6129031587858765
0.0,0.03032581009200778,0.0,0.0015037591781160886,0.0661654038371079,0.0,0.008270675479638487,0.0,0.0,0.008270675479638485,0.0,0.016791977488962988,0.0,0.0,0.018421049931922086,0.0,0.0,0.01566415810537592,0.1654135095927697,0.20300748904567192,0.4661653452159874
0.0,0.0,0.0,0.0,0.0,0.0,0.0,0.0,0.0,0.0,0.0,0.0,0.0,0.0,0.0,0.0,0.0,0.0,0.0,-0.03202954539386027,0.0,0.0,-0.0909258083453202,0.0,-0.0005216353588436101,0.0,0.0,-0.0378729529760951,0.0,-0.009722149610705163,0.0,0.0,-0.020791535054261606,0.0,0.0,-0.011526012253721045,-0.23728791215827483,-0.5593215072302192
0,0,0,0,0,0,0,0,0,0,0,0,0,0,0,0,0,0,0,0,0,0,0,0,0,0,0,0,0,0,0,0,0,0,0,0,0,0,0,0,0,0,0,0,0,0,0,0,0,0,0,0,0,0
0.0,-0.041811810430330866,0.0,0.0,-0.07200922907445871,0.0,0.0,0.0,0.0,-0.02439022275102634,0.0,-0.011614391786203018,0.0,0.0,-0.006968635071721811,0.0,0.0,-0.013937270143443621,-0.1707315592571844,-0.1707315592571844,-0.4878044550205268
0.0,-0.038025853869739584,0.0,0.0,-0.0752426470188464,0.0,0.0,0.0,0.0,-0.05048538896748404,0.0,-0.01148866223298515,0.0,0.0,-0.016504838700908242,0.0,0.0,-0.012135910809491356,-0.20388330159945478,-0.21359203024704787,-0.3786404172561303
0.0,0.0,0.0,0.0,0.0,0.0,0.0,0.0,0.0,0.0,0.0,0.0,0.0,0.0,0.0,0.0,0.0,0.0,0.0,0.031195857424088643,0.0,0.0,0.09426431973072147,0.0,0.0,0.0,0.0,0.02021411742746553,0.0,0.01758549256978995,0.0,0.0,0.015574086842605443,0.0,0.0,0.03328730054397716,0.24999995570626396,0.5378786925801438
0,0,0,0,0,0,0,0,0,0,0,0,0,0,0,0,0,0,0,0,0,0,0,0,0,0,0,0,0,0,0,0,0,0,0,0,0,0,0,0,0,0,0,0,0,0,0,0,0,0,0,0,0,0
0.0,0.02380952050931305,0.0,0.0,0.06994046649610709,0.0,0.0,0.0,0.0,0.02157737796156495,0.0,0.014136902802404623,0.0,0.0,0.0022321425477480985,0.0,0.0,0.024553568025229084,0.15624997834236692,0.18749997401084031,0.49999993069557414
0.0,0.031418913611670006,0.0,0.0,0.06554052946950514,0.0,0.0,0.0,0.0,0.03186936398603086,0.0,0.017117114225712687,0.0,0.0,0.014189186792367097,0.0,0.0,0.042567560377101285,0.2027026684623871,0.2364864465394516,0.35810804761688386
0.0,0.0,0.0,0.0,0.0,0.0,0.0,0.0,0.0,0.0,0.0,0.0,0.0,0.0,0.0,0.0,0.0,0.0,0.0,-0.029043910234929422,0.0,-0.001034047291836797,-0.09860797994013877,0.0,-0.005359994132093576,0.0,0.0,-0.01231252043317432,0.0,-0.013596840485914303,0.0,0.0,-0.021146862268278104,0.0,0.0,0.0,-0.2362202018952591,-0.5826764980083058
0,0,0,0,0,0,0,0,0,0,0,0,0,0,0,0,0,0,0,0,0,0,0,0,0,0,0,0,0,0,0,0,0,0,0,0,0,0,0,0,0,0,0,0,0,0,0,0,0,0,0,0,0,0
0.0,-0.04843532802077604,0.0,0.0,-0.0750339421445449,0.0,0.0,0.0,0.0,-0.008843528992557423,0.0,-0.006122443148693599,0.0,0.0,-0.004421764496278712,0.0,0.0,0.0,-0.14285700680285066,-0.18571410884370584,-0.5285709251705475
0.0,-0.03361107376547359,0.0,0.0,-0.08291657453713942,0.0,0.0,0.0,0.0,-0.020277755246938613,0.0,-0.01958331157409825,0.0,0.0,-0.01861109043212174,0.0,0.0,0.0,-0.1749998055557716,-0.2166664259261934,-0.4333328518523868
0.0,0.0,0.0,0.0,0.0,0.0,0.0,0.0,0.0,0.0,0.0,0.0,0.0,0.0,0.0,0.0,0.0,0.0,0.0,-0.029624820800359712,0.0,0.0,-0.08435940135961423,0.0,0.0,0.0,0.0,-0.026418078450072584,0.0,-0.020215883931317548,0.0,0.0,-0.031054630800939287,0.0,0.0,-0.00976584679291003,-0.2661868035358177,-0.5323736070716354
0,0,0,0,0,0,0,0,0,0,0,0,0,0,0,0,0,0,0,0,0,0,0,0,0,0,0,0,0,0,0,0,0,0,0,0,0,0,0,0,0,0,0,0,0,0,0,0,0,0,0,0,0,0
0.0,-0.03514736253586844,0.0,0.0,-0.060090652077452504,0.0,0.0,0.0,0.0,-0.010204072994284387,0.0,-0.044217649641899025,0.0,0.0,-0.01360543065904585,0.0,0.0,-0.0034013576647614627,-0.16666652557331169,-0.21428553287997215,-0.45238056941327454
0.0,-0.02582779176353928,0.0,0.0,-0.05562908995223845,0.0,0.0,0.0,0.0,-0.02803529533307255,0.0,-0.03686530961120564,0.0,0.0,-0.03178805140127912,0.0,0.0,-0.013907272488059612,-0.19205281054939466,-0.26490042834399263,-0.35099306755579024
0.0,0.0,0.0,0.0,0.0,0.0,0.0,0.0,0.0,0.0,0.0,0.0,0.0,0.0,0.0,0.0,0.0,0.0,0.0,0.03236243888364619,0.0,0.0,0.08171351685873068,0.0,0.004972392292727908,0.0,0.0,0.043367865951480046,0.0,0.0,0.0,0.0,0.02222907681073292,0.0,0.0,0.005830868956911503,0.19047615975422924,0.619047519201245
0,0,0,0,0,0,0,0,0,0,0,0,0,0,0,0,0,0,0,0,0,0,0,0,0,0,0,0,0,0,0,0,0,0,0,0,0,0,0,0,0,0,0,0,0,0,0,0,0,0,0,0,0,0
0.0,0.028344666847794568,0.0,0.0,0.062358267065148056,0.0,0.0022675733478235657,0.0,0.0,0.06009069371732449,0.0,0.0,0.0,0.0,0.014739226760853178,0.0,0.0,0.006802720043470697,0.1746031477824146,0.1746031477824146,0.47619040304294885
0.0,0.04569891640931976,0.0,0.0,0.05913977417676676,0.0,0.004838708796280916,0.0,0.0,0.06666665452653707,0.0,0.0,0.0,0.0,0.03387096157396642,0.0,0.0,0.004838708796280916,0.21505372427915184,0.21505372427915184,0.35483864506060053
0.0,0.0,0.0,0.0,0.0,0.0,0.0,0.0,0.0,0.0,0.0,0.0,0.0,0.0,0.0,0.0,0.0,0.0,0.0,0.030484134168506597,0.0,0.0,0.08899069638531071,0.0,0.002859876254931393,0.0,0.0,0.029008979401548347,0.0,0.008639667068329256,0.0,0.0,0.023430395326185946,0.0,0.0,0.006668865618176655,0.21487599868685706,0.5950412271328348
0,0,0,0,0,0,0,0,0,0,0,0,0,0,0,0,0,0,0,0,0,0,0,0,0,0,0,0,0,0,0,0,0,0,0,0,0,0,0,0,0,0,0,0,0,0,0,0,0,0,0,0,0,0
0.0,0.03888888366188839,0.0,0.0,0.06111110289725318,0.0,0.005555554808841199,0.0,0.0,0.03253967816606988,0.0,0.0,0.0,0.0,0.007142856182795828,0.0,0.0,0.004761904121863884,0.14999997983871238,0.166666644265236,0.5333332616487552
0.0,0.044845352995074715,0.0,0.0,0.058762876338373765,0.0,0.003436425516863962,0.0,0.0,0.04965634871868426,0.0,0.00824742124047351,0.0,0.0,0.023711336066361346,0.0,0.0,0.01752577013600621,0.20618553101183779,0.2371133606636134,0.3505154027201242
0.0,0.0,0.0,0.0,0.0,0.0,0.0,0.0,0.0,0.0,0.0,0.0,0.0,0.0,0.0,0.0,0.0,0.0,0.0,0.0372133613895676,0.0,0.0,0.09301846271007981,0.0,0.0,0.0,0.0,0.03626768706565118,0.0,0.0,0.0,0.0,0.026610371601028596,0.0,0.0,0.03029433038661822,0.2234042131529454,0.5531913849501504
0,0,0,0,0,0,0,0,0,0,0,0,0,0,0,0,0,0,0,0,0,0,0,0,0,0,0,0,0,0,0,0,0,0,0,0,0,0,0,0,0,0,0,0,0,0,0,0,0,0,0,0,0,0
0.0,0.0243386204130404,0.0,0.0,0.06772485680150372,0.0,0.0,0.0,0.0,0.03492062928827536,0.0,0.0,0.0,0.0,0.023280419525516904,0.0,0.0,0.027513223075610882,0.1777777491039473,0.1777777491039473,0.4666665913978616
0.0,0.028061219178669848,0.0,0.0,0.0668367220437409,0.0,0.0,0.0,0.0,0.05561223437227296,0.0,0.0,0.0,0.0,0.03350339501938157,0.0,0.0,0.04047618281529348,0.22448975342935873,0.22448975342935873,0.3265305504427036
0.0,0.0,0.0,0.0,0.0,0.0,0.0,0.0,0.0,0.0,0.0,0.0,0.0,0.0,0.0,0.0,0.0,0.0,0.0,-0.03286509794466382,0.0,0.0,-0.08679296878229985,0.0,0.0,0.0,0.0,-0.03816033044271199,0.0,-0.007280305132647229,0.0,0.0,-0.028157374371583156,0.0,0.0,-0.01543937386189052,-0.22608673808044627,-0.5652168452011157
0,0,0,0,0,0,0,0,0,0,0,0,0,0,0,0,0,0,0,0,0,0,0,0,0,0,0,0,0,0,0,0,0,0,0,0,0,0,0,0,0,0,0,0,0,0,0,0,0,0,0,0,0,0
0.0,-0.03039510803569655,0.0,0.0,-0.056230949866038625,0.0,0.0,0.0,0.0,-0.028368767499983454,0.0,-0.009118532410708965,0.0,0.0,-0.040020225580333794,0.0,0.0,-0.0273555972321269,-0.1914891806248883,-0.21276575624987587,-0.40425493687476416
0.0,-0.03162390159173638,0.0,0.0,-0.06752130339857228,0.0,0.0,0.0,0.0,-0.04330480217967504,0.0,-0.008974350451708973,0.0,0.0,-0.037891701907215664,0.0,0.0,-0.01581195079586819,-0.20512801032477654,-0.23076901161537358,-0.3589740180683589
0.0,0.0,0.0,0.0,0.0,0.0,0.0,0.0,0.0,0.0,0.0,0.0,0.0,0.0,0.0,0.0,0.0,0.0,0.0,0.019732264892653055,0.0,0.0,0.09105133981790028,0.0,0.0005168036797940268,0.003095576549483977,0.0,0.028229233913460283,0.0,0.012257147457908114,0.0,0.0,0.037970436564462265,0.0,0.0016229115897128813,0.02047751038085464,0.25545165851291046,0.5295949017950582
0,0,0,0,0,0,0,0,0,0,0,0,0,0,0,0,0,0,0,0,0,0,0,0,0,0,0,0,0,0,0,0,0,0,0,0,0,0,0,0,0,0,0,0,0,0,0,0,0,0,0,0,0,0
0.0,0.023899759525051238,0.0,0.0,0.06206440601611478,0.0,0.0,0.0012494791503076456,0.0,0.03415243010840898,0.0,0.016874910079988262,0.0,0.0,0.026641672104893016,0.0,0.0,0.021706229461177826,0.18658888644594177,0.20699704590096665,0.41982499450336896
0.0,0.024025452354011906,0.0,0.0,0.0616944976838948,0.0,0.0,0.0020286391888321314,0.0,0.036555282637975056,0.0,0.0230707986180909,0.0,0.0,0.0381861494368401,0.0,0.00047732686796050157,0.026372309454817694,0.2171837249220282,0.24582333699965828,0.324582270213141
0.0,0.0,0.0,0.0,0.0,0.0,0.0,0.0,0.0,0.0,0.0,0.0,0.0,0.0,0.0,0.0,0.0,0.0,0.0,-0.02652026214397459,0.0,-0.002478639466533916,-0.06409336793787683,0.0,-0.012452853271539513,0.0,0.0,-0.011816649326089253,0.0,-0.0014103987451548152,0.0,0.0,-0.02097186757373042,0.0,0.0,-0.006807496166736899,-0.15517221313937954,-0.6982749591272079
0,0,0,0,0,0,0,0,0,0,0,0,0,0,0,0,0,0,0,0,0,0,0,0,0,0,0,0,0,0,0,0,0,0,0,0,0,0,0,0,0,0,0,0,0,0,0,0,0,0,0,0,0,0
0.0,-0.022245891155474328,0.0,-0.0021321940404607984,-0.03983649198927591,0.0,-0.022103744886110277,0.0,0.0,-0.008884141835253325,0.0,0.0,0.0,0.0,-0.012117969463285538,0.0,0.0,-0.00461975375433173,-0.11194018712419192,-0.11194018712419192,-0.6641784436035387
0.0,-0.027777740094797027,0.0,-0.003488367360741953,-0.03992242646182457,0.0,-0.0253229630631638,0.0,0.0,-0.022738987240391986,0.0,-0.0015503854936630903,0.0,0.0,-0.02855293284162857,0.0,0.0,-0.005684746810097997,-0.155038549366309,-0.16279047683462444,-0.5271310678454506
0.0,0.0,0.0,0.0,0.0,0.0,0.0,0.0,0.0,0.0,0.0,0.0,0.0,0.0,0.0,0.0,0.0,0.0,0.0,0.03088624082284165,0.0,0.0,0.09069214612281659,0.0,0.0,0.0,0.0,0.021661811959599243,0.0,0.012231138263680467,0.0,0.0,0.03313760643362029,0.0,0.0,0.014516021982443793,0.24218745896673324,0.5546874060205825
0,0,0,0,0,0,0,0,0,0,0,0,0,0,0,0,0,0,0,0,0,0,0,0,0,0,0,0,0,0,0,0,0,0,0,0,0,0,0,0,0,0,0,0,0,0,0,0,0,0,0,0,0,0
0.0,0.03971013938045896,0.0,0.0,0.05623187620298568,0.0,0.0,0.0,0.0,0.014658383045550024,0.0,0.012008279896072052,0.0,0.0,0.026045545015963175,0.0,0.0,0.016563144684237315,0.16521736822526725,0.23478257589906396,0.43478254796122956
0.0,0.0355485174238597,0.0,0.0,0.05780589776936237,0.0,0.0,0.0,0.0,0.02827003759523561,0.0,0.012447255359096278,0.0,0.0,0.042194085963038225,0.0,0.0,0.01993670561753556,0.19620249972812775,0.2658227415671408,0.3417720963006096
0.0,0.0,0.0,0.0,0.0,0.0,0.0,0.0,0.0,0.0,0.0,0.0,0.0,0.0,0.0,0.0,0.0,0.0,0.0,-0.030699112248913422,0.0,0.0,-0.0951537944536498,0.0,-0.005350539415081822,0.0,0.0,-0.029309934583159964,0.0,-0.008430977671930687,0.0,0.0,-0.025887082688526464,0.0,0.0,-0.0004808826151122856,-0.2265622954645944,-0.5781244780820683
0,0,0,0,0,0,0,0,0,0,0,0,0,0,0,0,0,0,0,0,0,0,0,0,0,0,0,0,0,0,0,0,0,0,0,0,0,0,0,0,0,0,0,0,0,0,0,0,0,0,0,0,0,0
0.0,-0.016645585816515738,0.0,0.0,-0.06367463333862095,0.0,-0.010788025238045644,0.0,0.0,-0.01753054101182417,0.0,-0.00952380353046217,0.0,0.0,-0.014580690360796067,0.0,0.0,0.0,-0.13274327929626475,-0.13274327929626475,-0.6017695328097336
0.0,-0.021364636037429587,0.0,0.0,-0.06129748978278227,0.0,-0.017225936909759983,0.0,0.0,-0.03512301421860152,0.0,-0.013534664714811415,0.0,0.0,-0.025950762097820233,0.0,0.0,0.0,-0.174496503761205,-0.18791931174283616,-0.46308687536627485
0.0,0.0,0.0,0.0,0.0,0.0,0.0,0.0,0.0,0.0,0.0,0.0,0.0,0.0,0.0,0.0,0.0,0.0,0.0,-0.033745412922627005,0.0,0.0,-0.08984722798186469,0.0,0.0,0.0,0.0,-0.018952421107566078,0.0,-0.012474188654605343,0.0,0.0,-0.03324469175657551,0.0,0.0,-0.02602156389905724,-0.2321426318491539,-0.5535708913325977
0,0,0,0,0,0,0,0,0,0,0,0,0,0,0,0,0,0,0,0,0,0,0,0,0,0,0,0,0,0,0,0,0,0,0,0,0,0,0,0,0,0,0,0,0,0,0,0,0,0,0,0,0,0
0.0,-0.0354047265000354,0.0,0.0,-0.05183328150005183,0.0,0.0,0.0,0.0,-0.04778566650004777,0.0,-0.007857135000007856,0.0,0.0,-0.049928521500049935,0.0,0.0,-0.027190449000027192,-0.21999978000022,-0.22999977000023,-0.32999967000033
0.0,-0.023599976194806624,0.0,0.0,-0.05679994270614473,0.0,0.0,0.0,0.0,-0.04733328558845395,0.0,-0.016266650258567276,0.0,0.0,-0.03759996207308173,0.0,0.0,-0.04239995723134748,-0.22399977405240182,-0.24799974984373055,-0.303999693356831
0.0,0.0,0.0,0.0,0.0,0.0,0.0,0.0,0.0,0.0,0.0,0.0,0.0,0.0,0.0,0.0,0.0,0.0,0.0,-0.0240759839206305,0.0,-0.0007215662507057576,-0.06122664880797853,0.0,-0.022711819293420095,0.0,0.0,-0.0003531068886432431,0.0,-0.007177871440799717,0.0,0.0,0.0,0.0,0.0,-0.010851483309389667,-0.13559304523900534,-0.7372871834870915
0,0,0,0,0,0,0,0,0,0,0,0,0,0,0,0,0,0,0,0,0,0,0,0,0,0,0,0,0,0,0,0,0,0,0,0,0,0,0,0,0,0,0,0,0,0,0,0,0,0,0,0,0,0
0,0,0,0,0,0,0,0,0,0,0,0,0,0,0,0,0,0,0,0,0
0.0,-0.02380948601668886,0.0,0.0,-0.057142766440053276,0.0,-0.01904758881335109,0.0,0.0,0.0,0.0,-0.014285691610013319,0.0,0.0,0.0,0.0,0.0,-0.028571383220026635,-0.14285691610013318,-0.14285691610013318,-0.5714276644005327
0.0,0.0,0.0,0.0,0.0,0.0,0.0,0.0,0.0,0.0,0.0,0.0,0.0,0.0,0.0,0.0,0.0,0.0,0.0,-0.0225634146468965,0.0,-0.0032282474407618234,-0.07908502773211101,0.0,-0.016714956239569024,0.0,0.0,-0.007183303769218377,0.0,-0.013289334229540845,0.0,0.0,-0.006865961228640459,0.0,0.0,-0.006983504595349108,-0.21505344811322366,-0.6290313357311792
0,0,0,0,0,0,0,0,0,0,0,0,0,0,0,0,0,0,0,0,0,0,0,0,0,0,0,0,0,0,0,0,0,0,0,0,0,0,0,0,0,0,0,0,0,0,0,0,0,0,0,0,0,0
0.0,-0.003571425324678276,0.0,-0.00595237554113046,-0.04583329166670454,0.0,-0.019047601731617472,0.0,0.0,0.0,0.0,-0.009523800865808736,0.0,0.0,-0.001785712662339138,0.0,0.0,-0.001785712662339138,-0.08749992045461777,-0.1124998977273657,-0.7124993522733161
0.0,-0.010060963340288609,0.0,-0.0024390214158275417,-0.05243896044029214,0.0,-0.01920729364964189,0.0,0.0,-0.008841452632374838,0.0,-0.014634128494965249,0.0,0.0,-0.011280474048202378,0.0,0.0,-0.00914633030935328,-0.12804862433094594,-0.1707314991079279,-0.5731700327194723
0.0,0.0,0.0,0.0,0.0,0.0,0.0,0.0,0.0,0.0,0.0,0.0,0.0,0.0,0.0,0.0,0.0,0.0,0.0,0.035592377863599964,0.0,0.0,0.09440107483997216,0.0,0.0,0.0,0.0,0.03690181134811009,0.0,0.0,0.0,0.0,0.01944307101438321,0.0,0.0,0.03148340710975643,0.21782174217582187,0.564356332000993
0,0,0,0,0,0,0,0,0,0,0,0,0,0,0,0,0,0,0,0,0,0,0,0,0,0,0,0,0,0,0,0,0,0,0,0,0,0,0,0,0,0,0,0,0,0,0,0,0,0,0,0,0,0
0.0,0.01785714028555007,0.0,0.0,0.07525509120338959,0.0,0.0,0.0,0.0,0.028061220448721544,0.0,0.0,0.0,0.0,0.01062925016997028,0.0,0.0,0.028911560462319165,0.16071426256995067,0.16071426256995067,0.5178570682809522
0.0,0.028703698559671708,0.0,0.0,0.0749999865591422,0.0,0.0,0.0,0.0,0.041203696319528735,0.0,0.0,0.0,0.0,0.026697526079694653,0.0,0.0,0.041358017279526975,0.21296292479756426,0.21296292479756426,0.36111104639586983
0.0,0.0,0.0,0.0,0.0,0.0,0.0,0.0,0.0,0.0,0.0,0.0,0.0,0.0,0.0,0.0,0.0,0.0,0.0,-0.02948806759249017,0.0,0.0,-0.08535428809348707,0.0,-0.0013159695154905456,-0.005184099376023484,0.0,-0.025879485494329266,0.0,-0.007283999144000175,0.0,0.0,-0.03710695398135864,0.0,0.0,-0.03854488721355121,-0.2420624616388718,-0.5277755311142615
0,0,0,0,0,0,0,0,0,0,0,0,0,0,0,0,0,0,0,0,0,0,0,0,0,0,0,0,0,0,0,0,0,0,0,0,0,0,0,0,0,0,0,0,0,0,0,0,0,0,0,0,0,0
0.0,-0.027729882446647806,0.0,0.0,-0.04790576243369157,0.0,-0.005641596773628351,-0.0011474434115854271,0.0,-0.03002476926981867,0.0,-0.004016051940548995,0.0,0.0,-0.025243755054879392,0.0,0.0,-0.022948868231708545,-0.19678654508690074,-0.18473838926525377,-0.45381386928203643
0.0,-0.02712318363710386,0.0,0.0,-0.05369842417042784,0.0,-0.004840164083388903,-0.002739715518899379,0.0,-0.03630123062541677,0.0,-0.006849288797248446,0.0,0.0,-0.035387992119116994,0.0,0.0,-0.04127838048475065,-0.2219169570308497,-0.22739638806864848,-0.34246443986242237
0.0,0.0,0.0,0.0,0.0,0.0,0.0,0.0,0.0,0.0,0.0,0.0,0.0,0.0,0.0,0.0,0.0,0.0,0.0,-0.04107518453336088,0.0,0.0,-0.09771739200017968,0.0,0.0,0.0,0.0,-0.02586317177453007,0.0,-0.007322811107847564,0.0,0.0,-0.026414576514378937,0.0,0.0,-0.015281861911585393,-0.23931599758290842,-0.5470079944752192
0,0,0,0,0,0,0,0,0,0,0,0,0,0,0,0,0,0,0,0,0,0,0,0,0,0,0,0,0,0,0,0,0,0,0,0,0,0,0,0,0,0,0,0,0,0,0,0,0,0,0,0,0,0
0.0,-0.02930400471325612,0.0,0.0,-0.0717948115474775,0.0,0.0,0.0,0.0,-0.027106204359761906,0.0,-0.002197800353494209,0.0,0.0,-0.008791201413976836,0.0,0.0,-0.030036604831087523,-0.1692306272190541,-0.1692306272190541,-0.4923072791827028
0.0,-0.031034453572614192,0.0,0.0,-0.07672406577674064,0.0,0.0,0.0,0.0,-0.04209766155914797,0.0,-0.0056034430061664515,0.0,0.0,-0.01810343125069161,0.0,0.0,-0.02471262043745204,-0.19827567560281287,-0.21551703869870967,-0.3879306696576774
0.0,0.0,0.0,0.0,0.0,0.0,0.0,0.0,0.0,0.0,0.0,0.0,0.0,0.0,0.0,0.0,0.0,0.0,0.0,0.03112943950651481,0.0,0.0,0.09276771241907371,0.0,0.0,0.0,0.0,0.016592012827033358,0.0,0.020573222103127647,0.0,0.0,0.024149460638484683,0.0,0.0,0.01951252685452048,0.2598424751349579,0.535432979065974
0,0,0,0,0,0,0,0,0,0,0,0,0,0,0,0,0,0,0,0,0,0,0,0,0,0,0,0,0,0,0,0,0,0,0,0,0,0,0,0,0,0,0,0,0,0,0,0,0,0,0,0,0,0
0.0,0.030303025859771376,0.0,0.0,0.07012985984689947,0.0,0.0,0.0,0.0,0.008225107019080804,0.0,0.019047616254713434,0.0,0.0,0.019047616254713434,0.0,0.0,0.016883114407586906,0.16363633964276544,0.1818181551586283,0.49090901892829636
0.0,0.0379844897125455,0.0,0.0,0.06692505330305636,0.0,0.0,0.0,0.0,0.020025836413076707,0.0,0.02157622374828265,0.0,0.0,0.0304909509257168,0.0,0.0,0.024547799474094033,0.20155035357677203,0.24031003695692052,0.3565890870973659
0.0,0.0,0.0,0.0,0.0,0.0,0.0,0.0,0.0,0.0,0.0,0.0,0.0,0.0,0.0,0.0,0.0,0.0,0.0,-0.027092321953250904,0.0,-0.007608073552232087,-0.09385516530416066,0.0,-0.009629494537482287,0.0,0.0,-0.006277964110089328,0.0,-0.01407224342600975,0.0,0.0,-0.012163820095508404,0.0,0.0,-0.010508213993031654,-0.25503249203433603,-0.5637560350232692
0,0,0,0,0,0,0,0,0,0,0,0,0,0,0,0,0,0,0,0,0,0,0,0,0,0,0,0,0,0,0,0,0,0,0,0,0,0,0,0,0,0,0,0,0,0,0,0,0,0,0,0,0,0
0.0,-0.01428567195779737,0.0,-0.01428567195779737,-0.06730138789006762,0.0,-0.0038095125220792988,0.0,0.0,-0.006349187536798832,0.0,-0.0038095125220792988,0.0,0.0,-0.0038095125220792988,0.0,0.0,-0.006349187536798832,-0.11999964444549792,-0.1733328197546081,-0.5866649284002121
0.0,-0.017283891344679884,0.0,-0.014403242787233237,-0.06203682429072603,0.0,-0.008950586589209227,0.0,0.0,-0.006069938031762578,0.0,-0.010493791173555646,0.0,0.0,-0.016666609510941323,0.0,0.0,-0.012242756369148254,-0.14814764009725617,-0.20987582347111292,-0.4938254669908539
0.0,0.0,0.0,0.0,0.0,0.0,0.0,0.0,0.0,0.0,0.0,0.0,0.0,0.0,0.0,0.0,0.0,0.0,0.0,-0.03559234837698864,0.0,0.0,-0.09718168787380167,0.0,0.0,0.0,0.0,-0.03420366370035206,0.0,-0.0070199552931890785,0.0,0.0,-0.0197721954898685,0.0,0.0,-0.024051710986551653,-0.23762352187718358,-0.544553904301879
0,0,0,0,0,0,0,0,0,0,0,0,0,0,0,0,0,0,0,0,0,0,0,0,0,0,0,0,0,0,0,0,0,0,0,0,0,0,0,0,0,0,0,0,0,0,0,0,0,0,0,0,0,0
0.0,-0.02554561363262356,0.0,0.0,-0.06374002624839081,0.0,0.0,0.0,0.0,-0.03596227161874191,0.0,-0.008184516989092984,0.0,0.0,-0.007440469990084532,0.0,0.0,-0.03621028728507806,-0.17708318576401186,-0.19791650173624856,-0.4479162934030888
0.0,-0.02672173658450366,0.0,0.0,-0.06322307779529474,0.0,0.0,0.0,0.0,-0.05247928679740152,0.0,-0.010192827356975622,0.0,0.0,-0.023553695649227453,0.0,0.0,-0.038705195774461486,-0.21487581995786448,-0.23966918379915655,-0.33057818455056076
0.0,0.0,0.0,0.0,0.0,0.0,0.0,0.0,0.0,0.0,0.0,0.0,0.0,0.0,0.0,0.0,0.0,0.0,0.0,0.03429466688630044,0.0,0.0,0.09544220112840887,0.0,0.0006648635309613442,0.0,0.0,0.032856345520457894,0.0,0.0017551855100636873,0.0,0.0,0.03756016087399345,0.0,0.0,0.003308893679708542,0.20588231712989424,0.5882351917996979
0,0,0,0,0,0,0,0,0,0,0,0,0,0,0,0,0,0,0,0,0,0,0,0,0,0,0,0,0,0,0,0,0,0,0,0,0,0,0,0,0,0,0,0,0,0,0,0,0,0,0,0,0,0
0.0,0.02295151961651574,0.0,0.0,0.0741312633595125,0.0,0.0,0.0,0.0,0.04641783967302809,0.0,0.0,0.0,0.0,0.01909051631654113,0.0,0.0,0.00858000733327691,0.1711711462988744,0.1711711462988744,0.48648641579680096
0.0,0.0303174547289894,0.0,0.0,0.07412697046302644,0.0,0.0,0.0,0.0,0.06301586140004603,0.0,0.0,0.0,0.0,0.04412697599297934,0.0,0.0,0.007460316085143988,0.2190475786701852,0.2190475786701852,0.3428570796576812
0.0,0.0,0.0,0.0,0.0,0.0,0.0,0.0,0.0,0.0,0.0,0.0,0.0,0.0,0.0,0.0,0.0,0.0,0.0,-0.030696203669164028,0.0,0.0,-0.08398350987435559,0.0,0.0,0.0,0.0,-0.044964300561676114,0.0,-0.01239029139518882,0.0,0.0,-0.019233391896790894,0.0,0.0,-0.007144819049899415,-0.2460315203943728,-0.5555550460518096
0,0,0,0,0,0,0,0,0,0,0,0,0,0,0,0,0,0,0,0,0,0,0,0,0,0,0,0,0,0,0,0,0,0,0,0,0,0,0,0,0,0,0,0,0,0,0,0,0,0,0,0,0,0
0.0,-0.020408137350211072,0.0,0.0,-0.08163254940084429,0.0,0.0,0.0,0.0,-0.040816274700422144,0.0,0.0,0.0,0.0,0.0,0.0,0.0,0.0,-0.14285696145147753,-0.14285696145147753,-0.5714278458059101
0.0,-0.032242962529503094,0.0,0.0,-0.07336442198742008,0.0,0.0,0.0,0.0,-0.043925195330047684,0.0,-0.014953257984697084,0.0,0.0,-0.011214943488522814,0.0,0.0,-0.011214943488522814,-0.18691572480871355,-0.2242988697704563,-0.4018688083387341
0.0,0.0,0.0,0.0,0.0,0.0,0.0,0.0,0.0,0.0,0.0,0.0,0.0,0.0,0.0,0.0,0.0,0.0,0.0,-0.03840315969780722,0.0,0.0,-0.09380209598895552,0.0,0.0,0.0,0.0,-0.035816654312640646,0.0,0.0,0.0,0.0,-0.0344795360443798,0.0,0.0,-0.014365803194356812,-0.21686724923814,-0.56626448412181
0,0,0,0,0,0,0,0,0,0,0,0,0,0,0,0,0,0,0,0,0,0,0,0,0,0,0,0,0,0,0,0,0,0,0,0,0,0,0,0,0,0,0,0,0,0,0,0,0,0,0,0,0,0
0.0,-0.03860999918841781,0.0,0.0,-0.05341049887731131,0.0,0.0,0.0,0.0,-0.05920199875557398,0.0,0.0,0.0,0.0,-0.02413124949276113,0.0,0.0,-0.040862249141075516,-0.21621599545513978,-0.21621599545513978,-0.3513509926146022
0.0,-0.039700330915991,0.0,0.0,-0.058426902102779205,0.0,0.0,0.0,0.0,-0.06516846773002295,0.0,0.0,0.0,0.0,-0.04363291086521652,0.0,0.0,-0.029026185339521723,-0.2359547969535314,-0.2359547969535314,-0.292134510513896
0.0,0.0,0.0,0.0,0.0,0.0,0.0,0.0,0.0,0.0,0.0,0.0,0.0,0.0,0.0,0.0,0.0,0.0,0.0,0.026544867545523276,0.0,0.000159261003483137,0.08822851410261083,0.0,0.006690365822275399,0.0,0.0,0.025441065055677715,0.0,0.016058771589349125,0.0,0.0,0.01730074177380354,0.0,0.0,0.005911787182547262,0.24223598629785134,0.5714284804974955
0,0,0,0,0,0,0,0,0,0,0,0,0,0,0,0,0,0,0,0,0,0,0,0,0,0,0,0,0,0,0,0,0,0,0,0,0,0,0,0,0,0,0,0,0,0,0,0,0,0,0,0,0,0
0.0,0.02040816085584203,0.0,0.0,0.06530611473869449,0.0,0.004081632171168406,0.0,0.0,0.012244896513505217,0.0,0.004081632171168406,0.0,0.0,0.004081632171168406,0.0,0.0,0.004081632171168406,0.11428570079271537,0.17142855118907305,0.5999999291617557
0.0,0.01818181574248474,0.0,0.0,0.067857133753202,0.0,0.005519479778968584,0.0,0.0,0.028246749457074505,0.0,0.014610387650210955,0.0,0.0,0.01461038765021095,0.0,0.0,0.00681818090343178,0.1558441349355835,0.21428568553642732,0.4740259104290665
0.0,0.0,0.0,0.0,0.0,0.0,0.0,0.0,0.0,0.0,0.0,0.0,0.0,0.0,0.0,0.0,0.0,0.0,0.0,-0.03081503231596986,0.0,0.0,-0.09047119157633512,0.0,-0.001582821824347173,0.0,0.0,-0.021991258594319354,0.0,-0.012556696125187129,0.0,0.0,-0.03317520986934637,0.0,0.0,-0.015514476367929264,-0.2442745916129591,-0.5496178311291581
0,0,0,0,0,0,0,0,0,0,0,0,0,0,0,0,0,0,0,0,0,0,0,0,0,0,0,0,0,0,0,0,0,0,0,0,0,0,0,0,0,0,0,0,0,0,0,0,0,0,0,0,0,0
0.0,-0.04305974274615257,0.0,0.0,-0.07244168485529198,0.0,0.0,0.0,0.0,-0.022796334395021947,0.0,0.0,0.0,0.0,-0.019250237933574086,0.0,0.0,-0.012664630219456638,-0.1702126301494972,-0.1702126301494972,-0.48936131167980446
0.0,-0.03753277515141308,0.0,0.0,-0.0688975767639576,0.0,0.0,0.0,0.0,-0.033595770764901216,0.0,-0.012598414036837962,0.0,0.0,-0.02939629941928857,0.0,0.0,-0.022703391962218402,-0.20472422809861685,-0.22834625441768802,-0.3622044035590913
0.0,0.0,0.0,0.0,0.0,0.0,0.0,0.0,0.0,0.0,0.0,0.0,0.0,0.0,0.0,0.0,0.0,0.0,0.0,0.02758751336374214,0.0,0.0019319817437643706,0.08554111606504705,0.0,0.008820475506278404,0.0,0.0,0.01409050296170984,0.0,0.01513191930976857,0.0,0.0,0.022078945710326967,0.0,0.0,0.0,0.23357660621418314,0.5912407844796511
0,0,0,0,0,0,0,0,0,0,0,0,0,0,0,0,0,0,0,0,0,0,0,0,0,0,0,0,0,0,0,0,0,0,0,0,0,0,0,0,0,0,0,0,0,0,0,0,0,0,0,0,0,0
0.0,0.021505373796520327,0.0,0.0,0.05222733636297794,0.0,0.008192523351055362,0.0,0.0,0.0153609812832288,0.0,0.013824883154905921,0.0,0.0,0.017921144830433604,0.0,0.0,0.0,0.12903224277912195,0.18279567727042279,0.5591397187095285
0.0,0.024758450609323895,0.0,0.0,0.052777770323290445,0.0,0.012439611769562734,0.0,0.0,0.028260865573569712,0.0,0.019565214627855952,0.0,0.0,0.021618354434482814,0.0,0.0,0.0,0.15942026733808554,0.21739127364284394,0.46376805043806707
0.0,0.0,0.0,0.0,0.0,0.0,0.0,0.0,0.0,0.0,0.0,0.0,0.0,0.0,0.0,0.0,0.0,0.0,0.0,0.03546711671100457,0.0,0.0,0.0954701877882664,0.0,0.0,0.0,0.0,0.03734110957842558,0.0,0.0009311671137199332,0.0,0.0,0.03478745588273895,0.0,0.0,0.017156767922034716,0.2211538049961901,0.557692203903436
0,0,0,0,0,0,0,0,0,0,0,0,0,0,0,0,0,0,0,0,0,0,0,0,0,0,0,0,0,0,0,0,0,0,0,0,0,0,0,0,0,0,0,0,0,0,0,0,0,0,0,0,0,0
0.0,0.032467526841328136,0.0,0.0,0.05938605818613837,0.0,0.0,0.0,0.0,0.06178668744349718,0.0,0.0,0.0,0.0,0.03699330331011933,0.0,0.0,0.015977958663732392,0.20661153444481542,0.20661153444481542,0.38016522337846037
0.0,0.039912272231407996,0.0,0.0,0.047807007398060125,0.0,0.0,0.0,0.0,0.08201752645355266,0.0,0.0,0.0,0.0,0.058918116151126076,0.0,0.0,0.025730988691310647,0.25438591092545754,0.25438591092545754,0.23684205499956393
0.0,0.0,0.0,0.0,0.0,0.0,0.0,0.0,0.0,0.0,0.0,0.0,0.0,0.0,0.0,0.0,0.0,0.0,0.0,0.028229176050643526,0.0,0.0,0.09006256649107472,0.0,0.004349502944809198,0.0,0.0,0.029805606769713604,0.0,0.019197375067177568,0.0,0.0,0.01210839938023696,0.0,0.0,0.005058531553800189,0.23076919342577926,0.5804194864951417
0,0,0,0,0,0,0,0,0,0,0,0,0,0,0,0,0,0,0,0,0,0,0,0,0,0,0,0,0,0,0,0,0,0,0,0,0,0,0,0,0,0,0,0,0,0,0,0,0,0,0,0,0,0
0.0,0.016017313851187924,0.0,0.0,0.07402596401494958,0.0,0.0025974022461385826,0.0,0.0,0.023809520589603672,0.0,0.021212118343465088,0.0,0.0,0.0025974022461385826,0.0,0.0,0.005194804492277165,0.14545452578376064,0.14545452578376064,0.5636362874120724
0.0,0.030229880233095956,0.0,0.0,0.06896550623519991,0.0,0.0041379303741119955,0.0,0.0,0.037471258387791966,0.0,0.02643677739015996,0.0,0.0,0.012758618653511983,0.0,0.0,0.006206895561167993,0.18620686683503979,0.20689651870559975,0.42068958803471945
0.0,0.0,0.0,0.0,0.0,0.0,0.0,0.0,0.0,0.0,0.0,0.0,0.0,0.0,0.0,0.0,0.0,0.0,0.0,-0.025671657755383753,0.0,-0.0018984505983523608,-0.0787822479732667,0.0,-0.008098354354418625,0.0,0.0,-0.02044559186510269,0.0,-0.014556695874284186,0.0,0.0,-0.011470121722550021,0.0,0.0,-0.007907869292426182,-0.2012984874042046,-0.6298694605873499
0,0,0,0,0,0,0,0,0,0,0,0,0,0,0,0,0,0,0,0,0,0,0,0,0,0,0,0,0,0,0,0,0,0,0,0,0,0,0,0,0,0,0,0,0,0,0,0,0,0,0,0,0,0
0.0,-0.006968634934375098,0.0,-0.008130074090104281,-0.03600461382760467,0.0,-0.01509870902447938,0.0,0.0,-0.04181180960625059,0.0,-0.010452952401562647,0.0,0.0,0.0,0.0,0.0,-0.003484317467187549,-0.12195111135156421,-0.17073155589218988,-0.5853653344875082
0.0,-0.015384599605538866,0.0,-0.0025640999342564775,-0.06038455345174005,0.0,-0.011025629717302856,0.0,0.0,-0.033717914135472676,0.0,-0.01923074950692358,0.0,0.0,-0.00961537475346179,0.0,0.0,-0.009615374753461792,-0.1615382958581581,-0.19999979487200525,-0.4769225877717048
0.0,0.0,0.0,0.0,0.0,0.0,0.0,0.0,0.0,0.0,0.0,0.0,0.0,0.0,0.0,0.0,0.0,0.0,0.0,-0.03384015793383443,0.0,0.0,-0.10152287680228246,0.0,0.0,0.0,0.0,-0.02230522226817067,0.0,-0.010364193629124892,0.0,0.0,-0.03338570196209078,0.0,0.0,-0.009590815224467083,-0.25688048256344215,-0.532109571024273
0,0,0,0,0,0,0,0,0,0,0,0,0,0,0,0,0,0,0,0,0,0,0,0,0,0,0,0,0,0,0,0,0,0,0,0,0,0,0,0,0,0,0,0,0,0,0,0,0,0,0,0,0,0
0.0,-0.03840673426437824,0.0,0.0,-0.06559852410856722,0.0,0.0,0.0,0.0,-0.015131274217715643,0.0,-0.007966170838150296,0.0,0.0,-0.022029355111086012,0.0,0.0,-0.01909210776294121,-0.16822416630283862,-0.19626152735331173,-0.4672893508412184
0.0,-0.036335370626163405,0.0,0.0,-0.06397509699991162,0.0,0.0,0.0,0.0,-0.027536206799314716,0.0,-0.012008270634287619,0.0,0.0,-0.040165594880203416,0.0,0.0,-0.018737042972466027,-0.1987575829123468,-0.24844697864043352,-0.3540369445626178
0.0,0.0,0.0,0.0,0.0,0.0,0.0,0.0,0.0,0.0,0.0,0.0,0.0,0.0,0.0,0.0,0.0,0.0,0.0,-0.034995240990312766,0.0,0.0,-0.0994067343774037,0.0,0.0,0.0,0.0,-0.03429003595371076,0.0,-0.0032824662030948443,0.0,0.0,-0.035291396365026186,0.0,0.0,-0.014956119709223767,-0.23148124333205417,-0.5462957342636479
0,0,0,0,0,0,0,0,0,0,0,0,0,0,0,0,0,0,0,0,0,0,0,0,0,0,0,0,0,0,0,0,0,0,0,0,0,0,0,0,0,0,0,0,0,0,0,0,0,0,0,0,0,0
0.0,-0.03136963395737969,0.0,0.0,-0.06671570038823006,0.0,0.0,0.0,0.0,-0.04565533580651505,0.0,-0.012567490286524572,0.0,0.0,-0.02336767725150663,0.0,0.0,-0.005891011071808393,-0.1855668487619644,-0.1958761181376291,-0.43298931377791694
0.0,-0.03561824254734646,0.0,0.0,-0.059677357324610665,0.0,0.0,0.0,0.0,-0.060752625024153205,0.0,-0.010349451608096895,0.0,0.0,-0.04368275029391547,0.0,0.0,-0.01572579010580957,-0.22580621690393227,-0.24193523239707027,-0.3064512943696224
0.0,0.0,0.0,0.0,0.0,0.0,0.0,0.0,0.0,0.0,0.0,0.0,0.0,0.0,0.0,0.0,0.0,0.0,0.0,0.03384018504067409,0.0,0.0,0.09196302428937986,0.0,0.0,0.0,0.0,0.04997885630595028,0.0,0.0,0.0,0.0,0.02099167711905806,0.0,0.0,0.014235394088535767,0.2110091368435981,0.5779815487455079
0,0,0,0,0,0,0,0,0,0,0,0,0,0,0,0,0,0,0,0,0,0,0,0,0,0,0,0,0,0,0,0,0,0,0,0,0,0,0,0,0,0,0,0,0,0,0,0,0,0,0,0,0,0
0.0,0.023333329946237043,0.0,0.0,0.0757142747235039,0.0,0.0,0.0,0.0,0.04333332704301166,0.0,0.0,0.0,0.0,0.002857142442396373,0.0,0.0,0.014761902619047928,0.15999997677419692,0.15999997677419692,0.51999992451614
0.0,0.03659003119153391,0.0,0.0,0.06436780356207013,0.0,0.0,0.0,0.0,0.08141760867226132,0.0,0.0,0.0,0.0,0.021264363676755313,0.0,0.0,0.026245205619058354,0.22988501272167902,0.22988501272167902,0.3103447671742666
0.0,0.0,0.0,0.0,0.0,0.0,0.0,0.0,0.0,0.0,0.0,0.0,0.0,0.0,0.0,0.0,0.0,0.0,0.0,-0.03512930549789408,0.0,0.0,-0.09370428891099121,0.0,0.0,0.0,0.0,-0.022030777921543777,0.0,-0.00836533855238082,0.0,0.0,-0.03657449512233972,0.0,0.0,-0.023243190518130112,-0.2380949962209562,-0.5428565913837802
0,0,0,0,0,0,0,0,0,0,0,0,0,0,0,0,0,0,0,0,0,0,0,0,0,0,0,0,0,0,0,0,0,0,0,0,0,0,0,0,0,0,0,0,0,0,0,0,0,0,0,0,0,0
0.0,-0.040935637404131656,0.0,0.0,-0.07101079957859574,0.0,0.0,0.0,0.0,-0.012531317572693363,0.0,-0.002506263514538673,0.0,0.0,-0.018379265773283603,0.0,0.0,-0.030075162174464074,-0.1754384460177071,-0.1754384460177071,-0.4736838042478092
0.0,-0.03685011684392235,0.0,0.0,-0.0711008478523813,0.0,0.0,0.0,0.0,-0.025229333108909496,0.0,-0.0059632969166513354,0.0,0.0,-0.03241587041872008,0.0,0.0,-0.03944950267938575,-0.21100896781997033,-0.22018327076866467,-0.3577978149990801
0.0,0.0,0.0,0.0,0.0,0.0,0.0,0.0,0.0,0.0,0.0,0.0,0.0,0.0,0.0,0.0,0.0,0.0,0.0,0.034081368560788854,0.0,0.0,0.10523574797411395,0.0,0.00024630537248558377,0.0,0.0,0.015332561044016486,0.0,0.009343766276721309,0.0,0.0,0.04316884477018549,0.0,0.0,0.016729294963569553,0.26724132914685844,0.5086205941827305
0,0,0,0,0,0,0,0,0,0,0,0,0,0,0,0,0,0,0,0,0,0,0,0,0,0,0,0,0,0,0,0,0,0,0,0,0,0,0,0,0,0,0,0,0,0,0,0,0,0,0,0,0,0
0.0,0.031207083272147506,0.0,0.0,0.0633001021943205,0.0,0.0,0.0,0.0,0.01632336435171946,0.0,0.0026578069500764376,0.0,0.0,0.022104094468135712,0.0,0.0,0.027198224455782218,0.16279067569218184,0.21860462164378702,0.4558138919381091
0.0,0.04162789995027946,0.0,0.0,0.05813952507022271,0.0,0.0,0.0,0.0,0.028604646334549573,0.0,0.007209301108707617,0.0,0.0,0.043720922852807466,0.0,0.0,0.025348832930617106,0.20465112824718393,0.26046507231459776,0.33023250239886504
0.0,0.0,0.0,0.0,0.0,0.0,0.0,0.0,0.0,0.0,0.0,0.0,0.0,0.0,0.0,0.0,0.0,0.0,0.0,0.028025246616178123,0.0,0.0,0.08700291558829129,0.0,0.0,0.0,0.0,0.041145277658064305,0.0,0.008266596281733164,0.0,0.0,0.02985829676188439,0.0,0.0,0.03647084575854681,0.26720641740122936,0.5020241781477642
0,0,0,0,0,0,0,0,0,0,0,0,0,0,0,0,0,0,0,0,0,0,0,0,0,0,0,0,0,0,0,0,0,0,0,0,0,0,0,0,0,0,0,0,0,0,0,0,0,0,0,0,0,0
0.0,0.023919621266515926,0.0,0.0,0.06330854880665895,0.0,0.0,0.0,0.0,0.0355078382437348,0.0,0.008064958608848294,0.0,0.0,0.019130191922012166,0.0,0.0,0.035039905491685584,0.18497106433945573,0.19075141010006372,0.43930627780620735
0.0,0.028306004950076714,0.0,0.0,0.06081965928462428,0.0,0.0,0.0,0.0,0.04349725857193255,0.0,0.014371581663842043,0.0,0.0,0.028579228936081315,0.0,0.0,0.040819663509087466,0.21639339691564446,0.24918027523619668,0.31803271970935626
0.0,0.0,0.0,0.0,0.0,0.0,0.0,0.0,0.0,0.0,0.0,0.0,0.0,0.0,0.0,0.0,0.0,0.0,0.0,0.03418978805598098,0.0,0.0,0.10108767286576717,0.0,0.0,0.0,0.0,0.01918386874408639,0.0,0.008613410013369446,0.0,0.0,0.03914093761588464,0.0,0.0,0.03778427508892083,0.2639999476224104,0.49599990159361956
0,0,0,0,0,0,0,0,0,0,0,0,0,0,0,0,0,0,0,0,0,0,0,0,0,0,0,0,0,0,0,0,0,0,0,0,0,0,0,0,0,0,0,0,0,0,0,0,0,0,0,0,0,0
0.0,0.036309518267544694,0.0,0.0,0.06541352385041706,0.0,0.0,0.0,0.0,0.02108395668167177,0.0,0.007205512684672374,0.0,0.0,0.021146613313712398,0.0,0.0,0.03305137340143198,0.18421049819945026,0.19078944456371635,0.4407894064058274
0.0,0.03528863397189143,0.0,0.0,0.05474859307512444,0.0,0.0,0.0,0.0,0.0376163802761059,0.0,0.011266292112398055,0.0,0.0,0.04227187288453486,0.0,0.0,0.04785846401464959,0.22905023633470425,0.2513966008551632,0.2905027387659664
0.0,0.0,0.0,0.0,0.0,0.0,0.0,0.0,0.0,0.0,0.0,0.0,0.0,0.0,0.0,0.0,0.0,0.0,0.0,0.03036028938462107,0.0,0.0,0.10922560102674424,0.0,0.0,0.0,0.0,0.012999491857966458,0.0,0.016047226116686797,0.0,0.0,0.03880548753741735,0.0,0.0,0.015534835906154431,0.310810753459429,0.46621613018914354
0,0,0,0,0,0,0,0,0,0,0,0,0,0,0,0,0,0,0,0,0,0,0,0,0,0,0,0,0,0,0,0,0,0,0,0,0,0,0,0,0,0,0,0,0,0,0,0,0,0,0,0,0,0
0.0,0.026230155306544083,0.0,0.0,0.06444443603302207,0.0,0.0,0.0,0.0,0.012420633299467921,0.0,0.01749999771586375,0.0,0.0,0.024900790400690483,0.0,0.0,0.01283729991175039,0.15833331266733872,0.22499997063253396,0.4583332735107173
0.0,0.035382507721022145,0.0,0.0,0.04849725961761722,0.0,0.0,0.0,0.0,0.024180323809347176,0.0,0.02889343777218603,0.0,0.0,0.05259561958530319,0.0,0.0,0.015368849878822357,0.20491799838429814,0.28688519773801735,0.3032786376087612
0.0,0.0,0.0,0.0,0.0,0.0,0.0,0.0,0.0,0.0,0.0,0.0,0.0,0.0,0.0,0.0,0.0,0.0,0.0,-0.02983949321435587,0.0,0.0,-0.08804714219423847,0.0,-0.0006041750398897375,0.0,0.0,-0.013053154796377529,0.0,-0.021744452800581175,0.0,0.0,-0.02796279272185248,0.0,0.0,-0.021647150454847216,-0.2826084317022699,-0.5144922730990041
0,0,0,0,0,0,0,0,0,0,0,0,0,0,0,0,0,0,0,0,0,0,0,0,0,0,0,0,0,0,0,0,0,0,0,0,0,0,0,0,0,0,0,0,0,0,0,0,0,0,0,0,0,0
0.0,-0.03918215865267701,0.0,0.0,-0.06268110188691131,0.0,0.0,0.0,0.0,-0.011180113961662134,0.0,-0.04063143268474432,0.0,0.0,-0.0209627136781165,0.0,0.0,-0.021014473464976046,-0.1956519943290873,-0.1956519943290873,-0.41304309913918436
0.0,-0.03854871670415064,0.0,0.0,-0.06054416094122482,0.0,-0.0013605429424994341,0.0,0.0,-0.010544207804370615,0.0,-0.029818566156445934,0.0,0.0,-0.03446708787665233,0.0,0.0,-0.028798158949571356,-0.2040814413749151,-0.24489772964989814,-0.3469384503373557
0.0,0.0,0.0,0.0,0.0,0.0,0.0,0.0,0.0,0.0,0.0,0.0,0.0,0.0,0.0,0.0,0.0,0.0,0.0,0.024918347248328258,0.0,0.002717701377022492,0.07862540085498178,0.0,0.008405488877435805,0.0,0.0,0.02262437957408058,0.0,0.019938947439864244,0.0,0.0,0.001747545699196905,0.0,0.0,0.007688831886637022,0.22222219061006282,0.6111110241776727
0,0,0,0,0,0,0,0,0,0,0,0,0,0,0,0,0,0,0,0,0,0,0,0,0,0,0,0,0,0,0,0,0,0,0,0,0,0,0,0,0,0,0,0,0,0,0,0,0,0,0,0,0,0
0.0,0.0,0.0,0.0,0.04761903890957548,0.0,0.015873012969858494,0.0,0.0,0.015873012969858494,0.0,0.03174602593971699,0.0,0.0,0.0,0.0,0.0,0.0,0.11111109078900946,0.11111109078900946,0.6666665447340567
0.0,0.026086952974398954,0.0,0.0017391301982932633,0.0713043381300238,0.0,0.007391303342746369,0.0,0.0,0.019565214730799214,0.0,0.021739127478665795,0.0,0.0,0.0017391301982932633,0.0,0.0,0.006956520793173053,0.1565217178463937,0.19130432181225895,0.49565210651358005
0.0,0.0,0.0,0.0,0.0,0.0,0.0,0.0,0.0,0.0,0.0,0.0,0.0,0.0,0.0,0.0,0.0,0.0,0.0,-0.02479301849087441,0.0,-0.004632023099363304,-0.08304789266411292,0.0,-0.015108171523500098,0.0,0.0,-0.005555413167236101,0.0,-0.018706094341516388,0.0,0.0,0.0,0.0,0.0,-0.008413203429745119,-0.22435814340288768,-0.6153823361907776
0,0,0,0,0,0,0,0,0,0,0,0,0,0,0,0,0,0,0,0,0,0,0,0,0,0,0,0,0,0,0,0,0,0,0,0,0,0,0,0,0,0,0,0,0,0,0,0,0,0,0,0,0,0
0,0,0,0,0,0,0,0,0,0,0,0,0,0,0,0,0,0,0,0,0
0.0,-0.022018272311798308,0.0,-0.003669712051966384,-0.07155938501334451,0.0,-0.007339424103932768,0.0,0.0,-0.009174280129915962,0.0,-0.018348560259831927,0.0,0.0,0.0,0.0,0.0,-0.014678848207865539,-0.14678848207865539,-0.19265988272823517,-0.5137596872752939
0.0,0.0,0.0,0.0,0.0,0.0,0.0,0.0,0.0,0.0,0.0,0.0,0.0,0.0,0.0,0.0,0.0,0.0,0.0,0.03631141566552126,0.0,0.0,0.1005225649363385,0.0,0.0,0.0,0.0,0.020583297436752572,0.0,0.002538252228308368,0.0,0.0,0.04267794121244895,0.0,0.0,0.019588709107872523,0.2323231887957532,0.5454544432595945
0,0,0,0,0,0,0,0,0,0,0,0,0,0,0,0,0,0,0,0,0,0,0,0,0,0,0,0,0,0,0,0,0,0,0,0,0,0,0,0,0,0,0,0,0,0,0,0,0,0,0,0,0,0
0.0,0.03542692446656726,0.0,0.0,0.07077174713831048,0.0,0.0,0.0,0.0,0.03070607126418576,0.0,0.0012315269223603913,0.0,0.0,0.019293921783646136,0.0,0.0,0.006362889098862021,0.16379308067393206,0.18103445758697753,0.49137924202179617
0.0,0.044027769788867945,0.0,0.0,0.06819443207045477,0.0,0.0,0.0,0.0,0.03861110410506399,0.0,0.0020833329553092087,0.0,0.0,0.04888888001792275,0.0,0.0,0.014861108414539023,0.2166666273521577,0.23333329099463135,0.33333327284947334
0.0,0.0,0.0,0.0,0.0,0.0,0.0,0.0,0.0,0.0,0.0,0.0,0.0,0.0,0.0,0.0,0.0,0.0,0.0,0.04214525164001254,0.0,0.0,0.11266089243453326,0.0,0.0,0.0,0.0,0.011748308174005058,0.0,0.0,0.0,0.0,0.06856668546549889,0.0,0.0,0.01789085661252037,0.2530119943265701,0.49397579844711315
0,0,0,0,0,0,0,0,0,0,0,0,0,0,0,0,0,0,0,0,0,0,0,0,0,0,0,0,0,0,0,0,0,0,0,0,0,0,0,0,0,0,0,0,0,0,0,0,0,0,0,0,0,0
0.0,0.03398354777953272,0.0,0.0,0.07536812706760747,0.0,0.0,0.0,0.0,0.014811625073296617,0.0,0.0,0.0,0.0,0.06411358690539304,0.0,0.0,0.00851023002920206,0.1967871168550319,0.1967871168550319,0.4096384881472092
0.0,0.04014597716349074,0.0,0.0,0.05364962402757399,0.0,0.0,0.0,0.0,0.0377128876384307,0.0,0.0,0.0,0.0,0.09854012576493186,0.0,0.0,0.01812651696169734,0.2481751315561246,0.2481751315561246,0.2554744001313048
0.0,0.0,0.0,0.0,0.0,0.0,0.0,0.0,0.0,0.0,0.0,0.0,0.0,0.0,0.0,0.0,0.0,0.0,0.0,0.029262635736237552,0.0,0.0,0.09175977699653615,0.0,0.0,0.0,0.0,0.03552869778977912,0.0,0.005640532608818069,0.0,0.0,0.039113189196877944,0.0,0.0,0.03347772289725617,0.24782603051581087,0.5173911865154649
0,0,0,0,0,0,0,0,0,0,0,0,0,0,0,0,0,0,0,0,0,0,0,0,0,0,0,0,0,0,0,0,0,0,0,0,0,0,0,0,0,0,0,0,0,0,0,0,0,0,0,0,0,0
0.0,0.02668759350763692,0.0,0.0,0.07119308032772555,0.0,0.0,0.0,0.0,0.03895865365967782,0.0,0.0023547876624385516,0.0,0.0,0.020669802814738396,0.0,0.0,0.015960227489861294,0.1758241454620785,0.1758241454620785,0.472527390929336
0.0,0.032876705358819806,0.0,0.0,0.06678080776010273,0.0,0.0,0.0,0.0,0.049486290878640225,0.0,0.007363012137652353,0.0,0.0,0.032077618770237376,0.0,0.0,0.030593600820012876,0.21917803572546538,0.22945200615009656,0.33219171039640844
0.0,0.0,0.0,0.0,0.0,0.0,0.0,0.0,0.0,0.0,0.0,0.0,0.0,0.0,0.0,0.0,0.0,0.0,0.0,-0.032231012374658294,0.0,0.0,-0.0945837012477444,0.0,0.0,0.0,0.0,-0.03844642973274196,0.0,-0.008458319456907924,0.0,0.0,-0.02130622039744901,0.0,0.0,-0.013307449506740981,-0.224999783333542,-0.5666661209881798
0,0,0,0,0,0,0,0,0,0,0,0,0,0,0,0,0,0,0,0,0,0,0,0,0,0,0,0,0,0,0,0,0,0,0,0,0,0,0,0,0,0,0,0,0,0,0,0,0,0,0,0,0,0
0.0,-0.02380950412207854,0.0,0.0,-0.06865996537529626,0.0,0.0,0.0,0.0,-0.029900307502145142,0.0,-0.01716499134382406,0.0,0.0,-0.01661128194563619,0.0,0.0,-0.006644512778254476,-0.16279056306723466,-0.18604635779112533,-0.488371689201704
0.0,-0.042367559010533073,0.0,0.0,-0.06573202170016527,0.0,0.0,0.0,0.0,-0.046261636125471774,0.0,-0.01760122855952293,0.0,0.0,-0.022897173435839566,0.0,0.0,-0.0200934379130837,-0.21495305674461632,-0.2336446268963221,-0.33644826273070383
0.0,0.0,0.0,0.0,0.0,0.0,0.0,0.0,0.0,0.0,0.0,0.0,0.0,0.0,0.0,0.0,0.0,0.0,0.0,0.02442023354267323,0.0,0.0,0.07890256528893713,0.0,0.009287498443451314,0.0,0.0,0.012755612217411763,0.0,0.01427578572773221,0.0,0.0,0.02485358624188369,0.0,0.0,0.014852517236144806,0.23913039826431215,0.5815216503245773
0,0,0,0,0,0,0,0,0,0,0,0,0,0,0,0,0,0,0,0,0,0,0,0,0,0,0,0,0,0,0,0,0,0,0,0,0,0,0,0,0,0,0,0,0,0,0,0,0,0,0,0,0,0
0.0,0.031045747860804152,0.0,0.0,0.0641923358024146,0.0,0.004201680161612592,0.0,0.0,0.016106440619514932,0.0,0.009103640350160615,0.0,0.0,0.00700280026935432,0.0,0.0,0.005602240215483456,0.1372548852793447,0.16666664641063283,0.5588234614944748
0.0,0.03268677683519339,0.0,0.0,0.05352010712575618,0.0,0.00840517118619258,0.0,0.0,0.023635054019293673,0.0,0.017959767491864485,0.0,0.0,0.024999996348675373,0.0,0.0,0.01120689491492344,0.17241376792189908,0.2284482424965163,0.4267240756067003
0.0,0.0,0.0,0.0,0.0,0.0,0.0,0.0,0.0,0.0,0.0,0.0,0.0,0.0,0.0,0.0,0.0,0.0,0.0,-0.027328463049019352,0.0,-0.006267785852731868,-0.08594832863902077,0.0,-0.01196643765297753,0.0,0.0,-0.008065155659766166,0.0,-0.016157461854337495,0.0,0.0,0.0,0.0,0.0,-0.008328240666936024,-0.2421865749818317,-0.5937477322135228
0,0,0,0,0,0,0,0,0,0,0,0,0,0,0,0,0,0,0,0,0,0,0,0,0,0,0,0,0,0,0,0,0,0,0,0,0,0,0,0,0,0,0,0,0,0,0,0,0,0,0,0,0,0
0,0,0,0,0,0,0,0,0,0,0,0,0,0,0,0,0,0,0,0,0
0.0,-0.017475671599768282,0.0,-0.001941741288863143,-0.06990268639907313,0.0,-0.009708706444315714,0.0,0.0,-0.007766965155452572,0.0,-0.01941741288863143,0.0,0.0,0.0,0.0,0.0,-0.009708706444315714,-0.13592189022042,-0.18446542244199857,-0.54368756088168
0.0,0.0,0.0,0.0,0.0,0.0,0.0,0.0,0.0,0.0,0.0,0.0,0.0,0.0,0.0,0.0,0.0,0.0,0.0,0.027543748955345573,0.0,0.0037773582879930003,0.07425044647116953,0.0,0.008358310674292883,0.0,0.0,0.018361806788541102,0.0,0.006960567632205632,0.0,0.0,0.016117721219265857,0.0,0.0,0.009984346405226574,0.1889763502103316,0.6456691965519663
0,0,0,0,0,0,0,0,0,0,0,0,0,0,0,0,0,0,0,0,0,0,0,0,0,0,0,0,0,0,0,0,0,0,0,0,0,0,0,0,0,0,0,0,0,0,0,0,0,0,0,0,0,0
0.0,0.0,0.0,0.0,0.09999998305085031,0.0,0.0,0.0,0.0,0.0,0.0,0.0,0.0,0.0,0.0,0.0,0.0,0.0,0.09999998305085034,0.09999998305085034,0.6999998813559524
0.0,0.02526315428893427,0.0,0.002105262857411189,0.06736841143715806,0.0,0.008421051429644756,0.0,0.0,0.023157891431523078,0.0,0.012631577144467134,0.0,0.0,0.010526314287055947,0.0,0.0,0.008421051429644756,0.15789471430583918,0.189473657167007,0.4947367714916294
0.0,0.0,0.0,0.0,0.0,0.0,0.0,0.0,0.0,0.0,0.0,0.0,0.0,0.0,0.0,0.0,0.0,0.0,0.0,-0.037446114547705786,0.0,0.0,-0.09324539254649343,0.0,0.0,0.0,0.0,-0.03208079494860945,0.0,0.0,0.0,0.0,-0.04052057336070616,0.0,0.0,-0.025873547243349903,-0.22916642264686474,-0.5416660898925895
0,0,0,0,0,0,0,0,0,0,0,0,0,0,0,0,0,0,0,0,0,0,0,0,0,0,0,0,0,0,0,0,0,0,0,0,0,0,0,0,0,0,0,0,0,0,0,0,0,0,0,0,0,0
0.0,-0.030888004916134863,0.0,0.0,-0.0733590116758203,0.0,0.0,0.0,0.0,-0.015444002458067431,0.0,0.0,0.0,0.0,-0.019305003072584287,0.0,0.0,-0.023166003687101148,-0.16216202580970804,-0.16216202580970804,-0.5135130817307421
0.0,-0.039010947094464656,0.0,0.0,-0.06208784537569727,0.0,0.0,0.0,0.0,-0.041208746930772526,0.0,0.0,0.0,0.0,-0.05054939623508096,0.0,0.0,-0.03791204717631072,-0.23076898281232613,-0.23076898281232613,-0.30769197708310153
0.0,0.0,0.0,0.0,0.0,0.0,0.0,0.0,0.0,0.0,0.0,0.0,0.0,0.0,0.0,0.0,0.0,0.0,0.0,0.03490126385478297,0.0,0.0,0.08842706926200866,0.0,0.0,0.0,0.0,0.050119947621925794,0.0,0.0,0.0,0.0,0.024516651498011903,0.0,0.0,0.015627262308991967,0.2135921945457213,0.5728154308271617
0,0,0,0,0,0,0,0,0,0,0,0,0,0,0,0,0,0,0,0,0,0,0,0,0,0,0,0,0,0,0,0,0,0,0,0,0,0,0,0,0,0,0,0,0,0,0,0,0,0,0,0,0,0
0.0,0.02498048003381874,0.0,0.0,0.06713504009088785,0.0,0.0,0.0,0.0,0.06010928008137632,0.0,0.0,0.0,0.0,0.011709600015852532,0.0,0.0,0.016393440022193544,0.18032784024412904,0.18032784024412904,0.4590163206214193
0.0,0.04601448347650959,0.0,0.0,0.05815216218881725,0.0,0.0,0.0,0.0,0.07952896947317992,0.0,0.0,0.0,0.0,0.031521732775246725,0.0,0.0,0.02391303865708373,0.2391303865708372,0.2391303865708372,0.28260863867462577
0.0,0.0,0.0,0.0,0.0,0.0,0.0,0.0,0.0,0.0,0.0,0.0,0.0,0.0,0.0,0.0,0.0,0.0,0.0,0.013914387127126572,0.0,0.00428726073650793,0.08186080029802092,0.0,0.005784798194631474,0.006626093209668742,0.0,0.019944016597903035,0.0,0.015132662688872037,0.0,0.0,0.028940355899186733,0.0,0.0004629335230082953,0.010427159902127557,0.2657743375164328,0.5468450397820128
0,0,0,0,0,0,0,0,0,0,0,0,0,0,0,0,0,0,0,0,0,0,0,0,0,0,0,0,0,0,0,0,0,0,0,0,0,0,0,0,0,0,0,0,0,0,0,0,0,0,0,0,0,0
0.0,0.013966964431640617,0.0,0.0021732828472469847,0.05463150126235085,0.0,0.0034772525555951746,0.007495411064282933,0.0,0.02374190772681372,0.0,0.009378922865230321,0.0,0.0,0.020351586485108427,0.0,0.0005795420925991958,0.00821983868003193,0.15212979930728893,0.2109533217061073,0.4929005497556161
0.0,0.009846430468892373,0.0,0.004619950337959985,0.053345585780843835,0.0,0.0077590646388224615,0.00828816509652179,0.0,0.02842301848982366,0.0,0.013369465223817167,0.0,0.0,0.02985868741467854,0.0,0.0003387533418196917,0.008107496647551287,0.17208669764440337,0.23712733927378418,0.4268292106928116
0.0,0.0,0.0,0.0,0.0,0.0,0.0,0.0,0.0,0.0,0.0,0.0,0.0,0.0,0.0,0.0,0.0,0.0,0.0,-0.03512930549789407,0.0,0.0,-0.09221280563947061,0.0,0.0,0.0,0.0,-0.029285508829097296,0.0,-0.00836533855238082,0.0,0.0,-0.019247282510683077,0.0,0.0,-0.03480715549375382,-0.2380949962209562,-0.5428565913837802
0,0,0,0,0,0,0,0,0,0,0,0,0,0,0,0,0,0,0,0,0,0,0,0,0,0,0,0,0,0,0,0,0,0,0,0,0,0,0,0,0,0,0,0,0,0,0,0,0,0,0,0,0,0
0.0,-0.04166663194447338,0.0,0.0,-0.0714285119048115,0.0,0.0,0.0,0.0,-0.02678569196430431,0.0,-0.008928563988101438,0.0,0.0,0.0,0.0,0.0,-0.017857127976202876,-0.1666665277778935,-0.1666665277778935,-0.49999958333368055
0.0,-0.047979748438419116,0.0,0.0,-0.060605998027476786,0.0,0.0,0.0,0.0,-0.054545398224729105,0.0,-0.011111099638370743,0.0,0.0,-0.010100999671246131,0.0,0.0,-0.037878748767172996,-0.22222199276741486,-0.24242399210990714,-0.3131309898086301
0.0,0.0,0.0,0.0,0.0,0.0,0.0,0.0,0.0,0.0,0.0,0.0,0.0,0.0,0.0,0.0,0.0,0.0,0.0,-0.02904150513974952,0.0,0.0,-0.09635613177270663,0.0,-0.0030965184140731078,0.0,0.0,-0.014451508113399462,0.0,-0.027350653335835903,0.0,0.0,-0.012878326730708428,0.0,0.0,-0.01106978690618718,-0.25899257388354696,-0.5467621004208213
0,0,0,0,0,0,0,0,0,0,0,0,0,0,0,0,0,0,0,0,0,0,0,0,0,0,0,0,0,0,0,0,0,0,0,0,0,0,0,0,0,0,0,0,0,0,0,0,0,0,0,0,0,0
0.0,-0.025510183835455003,0.0,0.0,-0.081632588273456,0.0,0.0,0.0,0.0,-0.010204073534182002,0.0,-0.020408147068364003,0.0,0.0,0.0,0.0,0.0,-0.005102036767091001,-0.14285702947854803,-0.14285702947854803,-0.5714281179141921
0.0,-0.029660992371305758,0.0,0.0,-0.07542366631560607,0.0,-0.0016949138497889006,0.0,0.0,-0.021186423122361256,0.0,-0.029237263908858533,0.0,0.0,-0.010169483098733403,0.0,0.0,-0.010593211561180628,-0.17796595422783454,-0.21186423122361253,-0.4322030316961696
0.0,0.0,0.0,0.0,0.0,0.0,0.0,0.0,0.0,0.0,0.0,0.0,0.0,0.0,0.0,0.0,0.0,0.0,0.0,0.03237669352641688,0.0,0.0,0.10074057600860581,0.0,0.0,0.0,0.0,0.01956867614690465,0.0,0.01106032773523253,0.0,0.0,0.039362662919291594,0.0,0.0,0.024163747892206808,0.25757570879247943,0.5151514175849589
0,0,0,0,0,0,0,0,0,0,0,0,0,0,0,0,0,0,0,0,0,0,0,0,0,0,0,0,0,0,0,0,0,0,0,0,0,0,0,0,0,0,0,0,0,0,0,0,0,0,0,0,0,0
0.0,0.031223780153853013,0.0,0.0,0.06443374308319808,0.0,0.0,0.0,0.0,0.00882062536942114,0.0,0.002467307795642277,0.0,0.0,0.04871699242495676,0.0,0.0,0.02568467415263611,0.1813471229797074,0.238341933059044,0.39896367055535625
0.0,0.030035645183584474,0.0,0.0,0.04999999094359315,0.0,0.0,0.0,0.0,0.02228163589286683,0.0,0.009536540162147004,0.0,0.0,0.06310159284859883,0.0,0.0,0.044295892155019244,0.21925129718580957,0.2673796307144019,0.2941175937858421
0.0,0.0,0.0,0.0,0.0,0.0,0.0,0.0,0.0,0.0,0.0,0.0,0.0,0.0,0.0,0.0,0.0,0.0,0.0,-0.023830581231101697,0.0,0.0,-0.0925051271605602,0.0,0.0,-0.009166705794262115,0.0,-0.03621732851948439,0.0,-0.000832759174402348,0.0,0.0,-0.04576074984251294,0.0,0.0,-0.022135819444464626,-0.2386793951370308,-0.5308558960806374
0,0,0,0,0,0,0,0,0,0,0,0,0,0,0,0,0,0,0,0,0,0,0,0,0,0,0,0,0,0,0,0,0,0,0,0,0,0,0,0,0,0,0,0,0,0,0,0,0,0,0,0,0,0
0.0,-0.019059267566011902,0.0,0.0,-0.06180573416939655,0.0,0.0,-0.006747126515390486,0.0,-0.033358936746274034,0.0,0.0,0.0,0.0,-0.03730958645557121,0.0,0.0,-0.02272603056233405,-0.21364723123079404,-0.18397400467096153,-0.42135981714962156
0.0,-0.020779428265851857,0.0,0.0,-0.047239137619277276,0.0,0.0,-0.00906124839406453,0.0,-0.04617908516279348,0.0,-0.0008064399065174861,0.0,0.0,-0.06126863186599416,0.0,0.0,-0.030388703778928775,-0.3024149649440573,-0.2258031738248961,-0.2560446703193018
0.0,0.0,0.0,0.0,0.0,0.0,0.0,0.0,0.0,0.0,0.0,0.0,0.0,0.0,0.0,0.0,0.0,0.0,0.0,-0.02553705293961614,0.0,-0.008862335750178953,-0.07293783202854714,0.0,-0.018482202670098993,0.0,0.0,-0.01021863492453183,0.0,-0.00937578198367119,0.0,0.0,-0.016748060987298342,0.0,0.0,0.0,-0.2162158683785901,-0.6216206215884467
0,0,0,0,0,0,0,0,0,0,0,0,0,0,0,0,0,0,0,0,0,0,0,0,0,0,0,0,0,0,0,0,0,0,0,0,0,0,0,0,0,0,0,0,0,0,0,0,0,0,0,0,0,0
0.0,-0.019869796648390108,0.0,-0.008050693469606336,-0.048818034868889484,0.0,-0.014559764785458269,0.0,0.0,-0.005481323213348995,0.0,-0.0070229453671034,0.0,0.0,-0.004110992410011747,0.0,0.0,0.0,-0.10791355076280834,-0.14388473435041113,-0.6402870678593295
0.0,-0.018324100161715116,0.0,-0.013812135800287777,-0.041712650116869095,0.0,-0.025230168061859,0.0,0.0,-0.01307548855760576,0.0,-0.010220980492212954,0.0,0.0,-0.015745834812328066,0.0,0.0,0.0,-0.13812135800287775,-0.1823201925637986,-0.5414357233712808
0.0,0.0,0.0,0.0,0.0,0.0,0.0,0.0,0.0,0.0,0.0,0.0,0.0,0.0,0.0,0.0,0.0,0.0,0.0,0.035467116711004575,0.0,0.0,0.0937203214558484,0.0,0.0,0.0,0.0,0.02959444122248171,0.0,0.0,0.0,0.0,0.03738258546066312,0.0,0.0,0.024989340146192363,0.22115380499619017,0.5576922039034361
0,0,0,0,0,0,0,0,0,0,0,0,0,0,0,0,0,0,0,0,0,0,0,0,0,0,0,0,0,0,0,0,0,0,0,0,0,0,0,0,0,0,0,0,0,0,0,0,0,0,0,0,0,0
0.0,0.030346315451753345,0.0,0.0,0.06497834449797682,0.0,0.0,0.0,0.0,0.050303022189639626,0.0,0.0,0.0,0.0,0.022987009279430846,0.0,0.0,0.022294368698506376,0.19090906011730702,0.19090906011730702,0.42727265835778244
0.0,0.03439152756781862,0.0,0.0,0.058333321759261564,0.0,0.0,0.0,0.0,0.07275130831653936,0.0,0.0,0.0,0.0,0.0414021081874124,0.0,0.0,0.0312169250230969,0.2380951908541288,0.2380951908541288,0.2857142290249546
0.0,0.0,0.0,0.0,0.0,0.0,0.0,0.0,0.0,0.0,0.0,0.0,0.0,0.0,0.0,0.0,0.0,0.0,0.0,0.02513867357784145,0.0,0.0031914020810669607,0.07644225762038659,0.0,0.009922903681062736,0.0,0.0,0.011419933503739151,0.0,0.019736863033915114,0.0,0.0,0.0009495693929583907,0.0,0.0,0.007044529438241861,0.22377619247885422,0.6223775353318133
0,0,0,0,0,0,0,0,0,0,0,0,0,0,0,0,0,0,0,0,0,0,0,0,0,0,0,0,0,0,0,0,0,0,0,0,0,0,0,0,0,0,0,0,0,0,0,0,0,0,0,0,0,0
0,0,0,0,0,0,0,0,0,0,0,0,0,0,0,0,0,0,0,0,0
0.0,0.03035713908606968,0.0,0.0035714281277729036,0.05357142191659355,0.0,0.012499998447205162,0.0,0.0,0.008928570319432259,0.0,0.014285712511091614,0.0,0.0,0.0035714281277729036,0.0,0.0,0.007142856255545807,0.13392855479148388,0.20535711734694195,0.5267856488465033
0.0,0.0,0.0,0.0,0.0,0.0,0.0,0.0,0.0,0.0,0.0,0.0,0.0,0.0,0.0,0.0,0.0,0.0,0.0,-0.026996310625863447,0.0,-0.00383749787218579,-0.07631463331089951,0.0,-0.00808635889188578,0.0,0.0,-0.017583980311265433,0.0,-0.01408558044004786,0.0,0.0,-0.01803346896558216,0.0,0.0,-0.006490449466147744,-0.2642852648209782,-0.5642847546177643
0,0,0,0,0,0,0,0,0,0,0,0,0,0,0,0,0,0,0,0,0,0,0,0,0,0,0,0,0,0,0,0,0,0,0,0,0,0,0,0,0,0,0,0,0,0,0,0,0,0,0,0,0,0
0.0,-0.034205171741484554,0.0,0.0,-0.05365517135919146,0.0,-0.00704224124089388,0.0,0.0,-0.019785344438701852,0.0,-0.02816896496357552,0.0,0.0,-0.01911465479671196,0.0,0.0,-0.00704224124089388,-0.1690137897814531,-0.1690137897814531,-0.49295688686257155
0.0,-0.03363268082605855,0.0,-0.0011976028780792366,-0.04311370361085251,0.0,-0.014570835016630711,0.0,0.0,-0.022854254923345432,0.0,-0.024750459480304226,0.0,0.0,-0.016766440293109315,0.0,0.0,-0.004790411512316946,-0.16167638854069694,-0.2395205756158473,-0.4371250504989213
0.0,0.0,0.0,0.0,0.0,0.0,0.0,0.0,0.0,0.0,0.0,0.0,0.0,0.0,0.0,0.0,0.0,0.0,0.0,-0.033790046498634554,0.0,0.0,-0.10504376515911104,0.0,0.0,0.0,0.0,-0.020497071959694954,0.0,-0.007302269669791434,0.0,0.0,-0.04777763003346755,0.0,0.0,-0.007811210981528506,-0.2649569932065027,-0.5128199868512955
0,0,0,0,0,0,0,0,0,0,0,0,0,0,0,0,0,0,0,0,0,0,0,0,0,0,0,0,0,0,0,0,0,0,0,0,0,0,0,0,0,0,0,0,0,0,0,0,0,0,0,0,0,0
0.0,-0.02590009649082883,0.0,0.0,-0.06800227127973221,0.0,0.0,0.0,0.0,-0.024006950424458835,0.0,-0.0027874543308515336,0.0,0.0,-0.03102204382376852,0.0,0.0,-0.014134716336026318,-0.16585353268566627,-0.2097559383965779,-0.4585362374250773
0.0,-0.03849633961706317,0.0,0.0,-0.05688400301062511,0.0,0.0,0.0,0.0,-0.027173886788515178,0.0,-0.008423904904439705,0.0,0.0,-0.06213762112307138,0.0,0.0,-0.018840561506703858,-0.2119563169504184,-0.2608693131697457,-0.31521708674677607
0.0,0.0,0.0,0.0,0.0,0.0,0.0,0.0,0.0,0.0,0.0,0.0,0.0,0.0,0.0,0.0,0.0,0.0,0.0,0.03706010450515086,0.0,0.0,0.10391815460488149,0.0,0.0,0.0,0.0,0.03417791867083247,0.0,0.0,0.0,0.0,0.04160045629211356,0.0,0.0,0.010047446268775422,0.2268040803417538,0.5463916480960433
0,0,0,0,0,0,0,0,0,0,0,0,0,0,0,0,0,0,0,0,0,0,0,0,0,0,0,0,0,0,0,0,0,0,0,0,0,0,0,0,0,0,0,0,0,0,0,0,0,0,0,0,0,0
0.0,0.034710069174185024,0.0,0.0,0.07079687930954863,0.0,0.0,0.0,0.0,0.03522837165368755,0.0,0.0,0.0,0.0,0.03122772439002739,0.0,0.0,0.011710396646260272,0.18367344117370885,0.18367344117370885,0.44897952286906606
0.0,0.05029760890697209,0.0,0.0,0.058779750054005854,0.0,0.0,0.0,0.0,0.06220236841158086,0.0,0.0,0.0,0.0,0.05773808359735258,0.0,0.0,0.01205356899841639,0.24107137996832778,0.24107137996832778,0.2767856584821541
